participant_id,purpose,count_post,count_pre,change
S2_04E985DF,family_support,1,2,-1
S2_04E985DF,friends_or_gifts,2,1,1
S2_04E985DF,immediate_consumption,0,0,0
S2_04E985DF,learning_or_education,0,1,-1
S2_04E985DF,saving_for_future,4,3,1
S2_0847352F,family_support,0,0,0
S2_0847352F,friends_or_gifts,0,0,0
S2_0847352F,immediate_consumption,1,0,1
S2_0847352F,learning_or_education,0,0,0
S2_0847352F,saving_for_future,6,7,-1
S2_09C4D6FE,family_support,3,1,2
S2_09C4D6FE,friends_or_gifts,1,1,0
S2_09C4D6FE,immediate_consumption,1,0,1
S2_09C4D6FE,learning_or_education,0,1,-1
S2_09C4D6FE,saving_for_future,2,4,-2
S2_0D9452DD,family_support,4,0,4
S2_0D9452DD,friends_or_gifts,1,2,-1
S2_0D9452DD,immediate_consumption,0,0,0
S2_0D9452DD,learning_or_education,0,0,0
S2_0D9452DD,saving_for_future,2,5,-3
S2_149CA997,family_support,0,0,0
S2_149CA997,friends_or_gifts,2,1,1
S2_149CA997,immediate_consumption,0,0,0
S2_149CA997,learning_or_education,0,0,0
S2_149CA997,saving_for_future,5,6,-1
S2_1A9DB96F,family_support,1,2,-1
S2_1A9DB96F,friends_or_gifts,0,0,0
S2_1A9DB96F,immediate_consumption,1,0,1
S2_1A9DB96F,learning_or_education,0,1,-1
S2_1A9DB96F,saving_for_future,5,4,1
S2_20B0F917,family_support,1,0,1
S2_20B0F917,friends_or_gifts,3,0,3
S2_20B0F917,immediate_consumption,1,0,1
S2_20B0F917,learning_or_education,1,0,1
S2_20B0F917,saving_for_future,1,7,-6
S2_217BBB51,family_support,0,0,0
S2_217BBB51,friends_or_gifts,0,0,0
S2_217BBB51,immediate_consumption,0,0,0
S2_217BBB51,learning_or_education,0,0,0
S2_217BBB51,saving_for_future,7,7,0
S2_21D40236,family_support,0,0,0
S2_21D40236,friends_or_gifts,0,0,0
S2_21D40236,immediate_consumption,0,0,0
S2_21D40236,learning_or_education,0,0,0
S2_21D40236,saving_for_future,7,7,0
S2_23EEB5F9,family_support,2,1,1
S2_23EEB5F9,friends_or_gifts,0,0,0
S2_23EEB5F9,immediate_consumption,5,5,0
S2_23EEB5F9,learning_or_education,0,0,0
S2_23EEB5F9,saving_for_future,0,1,-1
S2_25C51D3F,family_support,1,4,-3
S2_25C51D3F,friends_or_gifts,0,0,0
S2_25C51D3F,immediate_consumption,0,0,0
S2_25C51D3F,learning_or_education,0,0,0
S2_25C51D3F,saving_for_future,6,3,3
S2_2A193A5C,family_support,0,0,0
S2_2A193A5C,friends_or_gifts,0,0,0
S2_2A193A5C,immediate_consumption,0,0,0
S2_2A193A5C,learning_or_education,0,0,0
S2_2A193A5C,saving_for_future,7,7,0
S2_2F317210,family_support,1,0,1
S2_2F317210,friends_or_gifts,1,1,0
S2_2F317210,immediate_consumption,1,3,-2
S2_2F317210,learning_or_education,0,0,0
S2_2F317210,saving_for_future,4,3,1
S2_332A7668,family_support,2,2,0
S2_332A7668,friends_or_gifts,1,0,1
S2_332A7668,immediate_consumption,0,0,0
S2_332A7668,learning_or_education,0,0,0
S2_332A7668,saving_for_future,4,5,-1
S2_34662E97,family_support,0,0,0
S2_34662E97,friends_or_gifts,0,0,0
S2_34662E97,immediate_consumption,0,0,0
S2_34662E97,learning_or_education,0,0,0
S2_34662E97,saving_for_future,7,7,0
S2_373BEBE6,family_support,0,0,0
S2_373BEBE6,friends_or_gifts,1,2,-1
S2_373BEBE6,immediate_consumption,1,1,0
S2_373BEBE6,learning_or_education,2,1,1
S2_373BEBE6,saving_for_future,3,3,0
S2_3829BFFB,family_support,2,1,1
S2_3829BFFB,friends_or_gifts,1,1,0
S2_3829BFFB,immediate_consumption,0,0,0
S2_3829BFFB,learning_or_education,1,1,0
S2_3829BFFB,saving_for_future,3,4,-1
S2_3F54D27A,family_support,1,1,0
S2_3F54D27A,friends_or_gifts,4,2,2
S2_3F54D27A,immediate_consumption,1,1,0
S2_3F54D27A,learning_or_education,0,1,-1
S2_3F54D27A,saving_for_future,1,2,-1
S2_3FB7D604,family_support,1,2,-1
S2_3FB7D604,friends_or_gifts,4,2,2
S2_3FB7D604,immediate_consumption,0,0,0
S2_3FB7D604,learning_or_education,2,2,0
S2_3FB7D604,saving_for_future,0,1,-1
S2_4438A325,family_support,1,2,-1
S2_4438A325,friends_or_gifts,2,1,1
S2_4438A325,immediate_consumption,2,2,0
S2_4438A325,learning_or_education,1,1,0
S2_4438A325,saving_for_future,1,1,0
S2_47576F86,family_support,0,0,0
S2_47576F86,friends_or_gifts,4,4,0
S2_47576F86,immediate_consumption,0,0,0
S2_47576F86,learning_or_education,0,0,0
S2_47576F86,saving_for_future,3,3,0
S2_48323CA1,family_support,0,0,0
S2_48323CA1,friends_or_gifts,0,0,0
S2_48323CA1,immediate_consumption,0,0,0
S2_48323CA1,learning_or_education,0,0,0
S2_48323CA1,saving_for_future,7,7,0
S2_4A1A8F3B,family_support,0,0,0
S2_4A1A8F3B,friends_or_gifts,0,0,0
S2_4A1A8F3B,immediate_consumption,2,2,0
S2_4A1A8F3B,learning_or_education,1,1,0
S2_4A1A8F3B,saving_for_future,4,4,0
S2_4D3A89F8,family_support,0,0,0
S2_4D3A89F8,friends_or_gifts,0,0,0
S2_4D3A89F8,immediate_consumption,0,0,0
S2_4D3A89F8,learning_or_education,0,0,0
S2_4D3A89F8,saving_for_future,7,7,0
S2_4FB6E490,family_support,4,1,3
S2_4FB6E490,friends_or_gifts,0,0,0
S2_4FB6E490,immediate_consumption,0,0,0
S2_4FB6E490,learning_or_education,1,0,1
S2_4FB6E490,saving_for_future,2,6,-4
S2_5263FDAA,family_support,7,0,7
S2_5263FDAA,friends_or_gifts,0,7,-7
S2_5263FDAA,immediate_consumption,0,0,0
S2_5263FDAA,learning_or_education,0,0,0
S2_5263FDAA,saving_for_future,0,0,0
S2_5A30325F,family_support,0,0,0
S2_5A30325F,friends_or_gifts,0,0,0
S2_5A30325F,immediate_consumption,0,0,0
S2_5A30325F,learning_or_education,0,0,0
S2_5A30325F,saving_for_future,7,7,0
S2_5D6C11E3,family_support,0,0,0
S2_5D6C11E3,friends_or_gifts,2,0,2
S2_5D6C11E3,immediate_consumption,4,4,0
S2_5D6C11E3,learning_or_education,0,0,0
S2_5D6C11E3,saving_for_future,1,3,-2
S2_60946B4D,family_support,0,0,0
S2_60946B4D,friends_or_gifts,0,0,0
S2_60946B4D,immediate_consumption,0,0,0
S2_60946B4D,learning_or_education,0,0,0
S2_60946B4D,saving_for_future,7,7,0
S2_64565770,family_support,0,0,0
S2_64565770,friends_or_gifts,0,2,-2
S2_64565770,immediate_consumption,7,5,2
S2_64565770,learning_or_education,0,0,0
S2_64565770,saving_for_future,0,0,0
S2_6475AEE2,family_support,0,0,0
S2_6475AEE2,friends_or_gifts,0,0,0
S2_6475AEE2,immediate_consumption,0,0,0
S2_6475AEE2,learning_or_education,0,0,0
S2_6475AEE2,saving_for_future,7,7,0
S2_67E3DE52,family_support,0,0,0
S2_67E3DE52,friends_or_gifts,1,2,-1
S2_67E3DE52,immediate_consumption,0,0,0
S2_67E3DE52,learning_or_education,1,1,0
S2_67E3DE52,saving_for_future,5,4,1
S2_72B160A1,family_support,0,0,0
S2_72B160A1,friends_or_gifts,0,0,0
S2_72B160A1,immediate_consumption,0,1,-1
S2_72B160A1,learning_or_education,0,0,0
S2_72B160A1,saving_for_future,7,6,1
S2_7674E5EC,family_support,0,2,-2
S2_7674E5EC,friends_or_gifts,0,0,0
S2_7674E5EC,immediate_consumption,0,1,-1
S2_7674E5EC,learning_or_education,0,0,0
S2_7674E5EC,saving_for_future,7,4,3
S2_80F1EB0C,family_support,0,0,0
S2_80F1EB0C,friends_or_gifts,0,0,0
S2_80F1EB0C,immediate_consumption,0,0,0
S2_80F1EB0C,learning_or_education,0,0,0
S2_80F1EB0C,saving_for_future,7,7,0
S2_8164BA12,family_support,1,1,0
S2_8164BA12,friends_or_gifts,3,1,2
S2_8164BA12,immediate_consumption,2,2,0
S2_8164BA12,learning_or_education,0,2,-2
S2_8164BA12,saving_for_future,1,1,0
S2_89D63C4C,family_support,0,0,0
S2_89D63C4C,friends_or_gifts,0,0,0
S2_89D63C4C,immediate_consumption,7,7,0
S2_89D63C4C,learning_or_education,0,0,0
S2_89D63C4C,saving_for_future,0,0,0
S2_8BBE31BE,family_support,4,2,2
S2_8BBE31BE,friends_or_gifts,1,1,0
S2_8BBE31BE,immediate_consumption,1,0,1
S2_8BBE31BE,learning_or_education,1,0,1
S2_8BBE31BE,saving_for_future,0,4,-4
S2_8D59FBF3,family_support,0,0,0
S2_8D59FBF3,friends_or_gifts,0,0,0
S2_8D59FBF3,immediate_consumption,7,7,0
S2_8D59FBF3,learning_or_education,0,0,0
S2_8D59FBF3,saving_for_future,0,0,0
S2_90B75EAE,family_support,0,0,0
S2_90B75EAE,friends_or_gifts,0,0,0
S2_90B75EAE,immediate_consumption,0,0,0
S2_90B75EAE,learning_or_education,0,0,0
S2_90B75EAE,saving_for_future,7,7,0
S2_938ADC87,family_support,0,0,0
S2_938ADC87,friends_or_gifts,2,2,0
S2_938ADC87,immediate_consumption,3,2,1
S2_938ADC87,learning_or_education,0,0,0
S2_938ADC87,saving_for_future,2,3,-1
S2_9A56148E,family_support,0,0,0
S2_9A56148E,friends_or_gifts,0,0,0
S2_9A56148E,immediate_consumption,0,0,0
S2_9A56148E,learning_or_education,0,0,0
S2_9A56148E,saving_for_future,7,7,0
S2_9AEE5F96,family_support,0,0,0
S2_9AEE5F96,friends_or_gifts,1,1,0
S2_9AEE5F96,immediate_consumption,3,2,1
S2_9AEE5F96,learning_or_education,0,0,0
S2_9AEE5F96,saving_for_future,3,4,-1
S2_9BA6A17B,family_support,1,0,1
S2_9BA6A17B,friends_or_gifts,2,0,2
S2_9BA6A17B,immediate_consumption,1,0,1
S2_9BA6A17B,learning_or_education,1,0,1
S2_9BA6A17B,saving_for_future,2,7,-5
S2_9E755023,family_support,0,0,0
S2_9E755023,friends_or_gifts,0,0,0
S2_9E755023,immediate_consumption,1,2,-1
S2_9E755023,learning_or_education,0,0,0
S2_9E755023,saving_for_future,6,5,1
S2_A18BBC62,family_support,0,0,0
S2_A18BBC62,friends_or_gifts,0,1,-1
S2_A18BBC62,immediate_consumption,4,1,3
S2_A18BBC62,learning_or_education,0,0,0
S2_A18BBC62,saving_for_future,3,5,-2
S2_A5F728F4,family_support,0,0,0
S2_A5F728F4,friends_or_gifts,0,0,0
S2_A5F728F4,immediate_consumption,0,0,0
S2_A5F728F4,learning_or_education,0,0,0
S2_A5F728F4,saving_for_future,7,7,0
S2_AB8F31D5,family_support,0,2,-2
S2_AB8F31D5,friends_or_gifts,1,0,1
S2_AB8F31D5,immediate_consumption,0,0,0
S2_AB8F31D5,learning_or_education,0,0,0
S2_AB8F31D5,saving_for_future,6,5,1
S2_AC283F91,family_support,1,1,0
S2_AC283F91,friends_or_gifts,1,1,0
S2_AC283F91,immediate_consumption,1,2,-1
S2_AC283F91,learning_or_education,1,1,0
S2_AC283F91,saving_for_future,3,2,1
S2_AF3CDF5D,family_support,0,0,0
S2_AF3CDF5D,friends_or_gifts,0,0,0
S2_AF3CDF5D,immediate_consumption,1,7,-6
S2_AF3CDF5D,learning_or_education,0,0,0
S2_AF3CDF5D,saving_for_future,6,0,6
S2_B55D1DD7,family_support,0,0,0
S2_B55D1DD7,friends_or_gifts,0,0,0
S2_B55D1DD7,immediate_consumption,0,0,0
S2_B55D1DD7,learning_or_education,0,0,0
S2_B55D1DD7,saving_for_future,7,7,0
S2_B7A64593,family_support,0,0,0
S2_B7A64593,friends_or_gifts,0,0,0
S2_B7A64593,immediate_consumption,0,0,0
S2_B7A64593,learning_or_education,0,0,0
S2_B7A64593,saving_for_future,7,7,0
S2_BA8F79B7,family_support,0,0,0
S2_BA8F79B7,friends_or_gifts,0,0,0
S2_BA8F79B7,immediate_consumption,0,0,0
S2_BA8F79B7,learning_or_education,0,0,0
S2_BA8F79B7,saving_for_future,7,7,0
S2_BFF059D4,family_support,3,2,1
S2_BFF059D4,friends_or_gifts,0,1,-1
S2_BFF059D4,immediate_consumption,3,1,2
S2_BFF059D4,learning_or_education,0,0,0
S2_BFF059D4,saving_for_future,1,3,-2
S2_C3AEE767,family_support,2,2,0
S2_C3AEE767,friends_or_gifts,1,1,0
S2_C3AEE767,immediate_consumption,2,2,0
S2_C3AEE767,learning_or_education,1,1,0
S2_C3AEE767,saving_for_future,1,1,0
S2_CBD205CB,family_support,1,1,0
S2_CBD205CB,friends_or_gifts,0,1,-1
S2_CBD205CB,immediate_consumption,2,1,1
S2_CBD205CB,learning_or_education,0,0,0
S2_CBD205CB,saving_for_future,4,4,0
S2_CF5CB36A,family_support,0,1,-1
S2_CF5CB36A,friends_or_gifts,2,1,1
S2_CF5CB36A,immediate_consumption,2,3,-1
S2_CF5CB36A,learning_or_education,0,1,-1
S2_CF5CB36A,saving_for_future,3,1,2
S2_D26CA826,family_support,0,0,0
S2_D26CA826,friends_or_gifts,0,0,0
S2_D26CA826,immediate_consumption,0,0,0
S2_D26CA826,learning_or_education,0,0,0
S2_D26CA826,saving_for_future,7,7,0
S2_D5F9057F,family_support,7,5,2
S2_D5F9057F,friends_or_gifts,0,0,0
S2_D5F9057F,immediate_consumption,0,1,-1
S2_D5F9057F,learning_or_education,0,0,0
S2_D5F9057F,saving_for_future,0,1,-1
S2_D67BC4AB,family_support,0,0,0
S2_D67BC4AB,friends_or_gifts,7,7,0
S2_D67BC4AB,immediate_consumption,0,0,0
S2_D67BC4AB,learning_or_education,0,0,0
S2_D67BC4AB,saving_for_future,0,0,0
S2_D71553D6,family_support,2,0,2
S2_D71553D6,friends_or_gifts,1,0,1
S2_D71553D6,immediate_consumption,0,0,0
S2_D71553D6,learning_or_education,4,7,-3
S2_D71553D6,saving_for_future,0,0,0
S2_DACF23C3,family_support,0,0,0
S2_DACF23C3,friends_or_gifts,0,1,-1
S2_DACF23C3,immediate_consumption,1,0,1
S2_DACF23C3,learning_or_education,0,0,0
S2_DACF23C3,saving_for_future,6,6,0
S2_E6FF90DA,family_support,3,3,0
S2_E6FF90DA,friends_or_gifts,0,1,-1
S2_E6FF90DA,immediate_consumption,0,0,0
S2_E6FF90DA,learning_or_education,0,0,0
S2_E6FF90DA,saving_for_future,4,3,1
S2_EA618AF3,family_support,0,0,0
S2_EA618AF3,friends_or_gifts,2,1,1
S2_EA618AF3,immediate_consumption,4,6,-2
S2_EA618AF3,learning_or_education,0,0,0
S2_EA618AF3,saving_for_future,1,0,1
S2_EA7E5FE7,family_support,1,1,0
S2_EA7E5FE7,friends_or_gifts,2,2,0
S2_EA7E5FE7,immediate_consumption,0,0,0
S2_EA7E5FE7,learning_or_education,0,1,-1
S2_EA7E5FE7,saving_for_future,4,3,1
S2_EB36FC47,family_support,0,0,0
S2_EB36FC47,friends_or_gifts,0,0,0
S2_EB36FC47,immediate_consumption,0,0,0
S2_EB36FC47,learning_or_education,0,0,0
S2_EB36FC47,saving_for_future,7,7,0
S2_ED6CCDDD,family_support,1,1,0
S2_ED6CCDDD,friends_or_gifts,0,0,0
S2_ED6CCDDD,immediate_consumption,2,2,0
S2_ED6CCDDD,learning_or_education,0,1,-1
S2_ED6CCDDD,saving_for_future,4,3,1
S2_F12CDF82,family_support,0,1,-1
S2_F12CDF82,friends_or_gifts,0,1,-1
S2_F12CDF82,immediate_consumption,0,1,-1
S2_F12CDF82,learning_or_education,0,0,0
S2_F12CDF82,saving_for_future,7,4,3
S2_F3588512,family_support,0,0,0
S2_F3588512,friends_or_gifts,0,0,0
S2_F3588512,immediate_consumption,0,0,0
S2_F3588512,learning_or_education,0,0,0
S2_F3588512,saving_for_future,7,7,0
S2_F5606531,family_support,0,0,0
S2_F5606531,friends_or_gifts,0,0,0
S2_F5606531,immediate_consumption,1,4,-3
S2_F5606531,learning_or_education,0,0,0
S2_F5606531,saving_for_future,6,3,3
S2_F6265EF8,family_support,1,0,1
S2_F6265EF8,friends_or_gifts,1,1,0
S2_F6265EF8,immediate_consumption,1,1,0
S2_F6265EF8,learning_or_education,2,2,0
S2_F6265EF8,saving_for_future,2,3,-1
