participant_id,story_condition,gender,age_years,ln_k_pre,ln_k_post,allocation_immediate_pre,allocation_immediate_post,allocation_short_pre,allocation_short_post,allocation_long_pre,allocation_long_post,subjective_time_pre,subjective_time_post,purpose_pre_01,purpose_pre_02,purpose_pre_03,purpose_pre_04,purpose_pre_05,purpose_pre_06,purpose_pre_07,intention_pre_01,intention_pre_02,intention_pre_03,intention_pre_04,intention_pre_05,intention_pre_06,intention_pre_07,purpose_post_01,purpose_post_02,purpose_post_03,purpose_post_04,purpose_post_05,purpose_post_06,purpose_post_07,intention_post_01,intention_post_02,intention_post_03,intention_post_04,intention_post_05,intention_post_06,intention_post_07
S2_C40DACAA,badgers_parting_gifts,female,12,-1.540445,-4.337269,50,50,16.66666666666667,10,33.33333333333334,40,72.3333333333333,44.6666666666667,saving_for_future,saving_for_future,saving_for_future,saving_for_future,saving_for_future,saving_for_future,friends_or_gifts,2,2,2,2,2,2,2,saving_for_future,saving_for_future,saving_for_future,saving_for_future,saving_for_future,saving_for_future,saving_for_future,2,2,2,2,2,2,2
S2_90B75EAE,badgers_parting_gifts,female,12,-5.071969,-2.280062,0,0,16.66666666666667,0,83.33333333333333,100,61.6666666666667,46.6666666666667,saving_for_future,saving_for_future,saving_for_future,saving_for_future,saving_for_future,saving_for_future,saving_for_future,2,2,2,2,2,2,2,saving_for_future,saving_for_future,saving_for_future,saving_for_future,saving_for_future,saving_for_future,saving_for_future,2,2,2,2,2,2,2
S2_AD0FAAF4,fall_of_freddie_leaf,male,13,-1.540445,-3.654383,50,15,33.33333333333334,80,16.66666666666667,5,60,33.6666666666667,family_support,saving_for_future,saving_for_future,saving_for_future,saving_for_future,saving_for_future,saving_for_future,3,2,2,2,2,2,2,family_support,saving_for_future,family_support,saving_for_future,family_support,learning_or_education,saving_for_future,3,2,2,3,2,2,2
S2_981C9524,badgers_parting_gifts,male,13,-1.540445,-1.540445,33.33333333333334,100,33.33333333333334,0,33.33333333333334,0,1,5,immediate_consumption,immediate_consumption,immediate_consumption,saving_for_future,immediate_consumption,immediate_consumption,saving_for_future,2,1,2,2,2,2,1,immediate_consumption,immediate_consumption,immediate_consumption,immediate_consumption,immediate_consumption,immediate_consumption,immediate_consumption,1,1,1,1,1,1,1
S2_34662E97,goodbye_grandma_erma,male,14,-9.902488,-7.825303,50,20,30,30,20,50,11,11,saving_for_future,saving_for_future,saving_for_future,saving_for_future,saving_for_future,saving_for_future,saving_for_future,2,2,2,2,2,2,2,saving_for_future,saving_for_future,saving_for_future,saving_for_future,saving_for_future,saving_for_future,saving_for_future,2,3,3,3,3,2,2
S2_13C83A3C,badgers_parting_gifts,female,14,-5.071969,-5.071969,33.33333333333334,70,50,20,16.66666666666667,10,55,58.3333333333333,saving_for_future,saving_for_future,saving_for_future,saving_for_future,saving_for_future,saving_for_future,saving_for_future,3,3,2,3,3,3,3,saving_for_future,saving_for_future,saving_for_future,saving_for_future,saving_for_future,saving_for_future,saving_for_future,3,3,2,3,3,3,3
S2_4FB6E490,badgers_parting_gifts,male,13,-5.071969,-2.280062,0,0,16.66666666666667,0,83.33333333333333,100,43.3333333333333,50.6666666666667,saving_for_future,saving_for_future,saving_for_future,saving_for_future,saving_for_future,saving_for_future,family_support,3,3,3,3,3,3,3,family_support,family_support,family_support,saving_for_future,saving_for_future,learning_or_education,family_support,3,3,3,3,3,3,3
S2_7DC80CF0,fall_of_freddie_leaf,male,11,-5.071969,-5.071969,16.66666666666667,20,33.33333333333334,60,50,20,40.6666666666667,35.3333333333333,family_support,saving_for_future,family_support,friends_or_gifts,learning_or_education,saving_for_future,friends_or_gifts,2,2,2,3,2,3,2,family_support,saving_for_future,friends_or_gifts,friends_or_gifts,saving_for_future,friends_or_gifts,friends_or_gifts,2,2,2,3,2,2,2
S2_BBA8527A,goodbye_grandma_erma,male,11,-9.902488,-9.902488,16.66666666666667,30,16.66666666666667,20,66.66666666666667,50,34,37.3333333333333,saving_for_future,saving_for_future,family_support,family_support,learning_or_education,learning_or_education,saving_for_future,3,2,3,3,3,3,2,saving_for_future,family_support,saving_for_future,family_support,family_support,family_support,learning_or_education,3,3,3,3,3,3,3
S2_D0854212,badgers_parting_gifts,male,10,-2.280062,-2.280062,33.33333333333334,30,16.66666666666667,30,50,40,10.6666666666667,34.3333333333333,immediate_consumption,immediate_consumption,immediate_consumption,immediate_consumption,learning_or_education,learning_or_education,immediate_consumption,3,2,2,2,2,2,2,friends_or_gifts,saving_for_future,friends_or_gifts,saving_for_future,family_support,saving_for_future,saving_for_future,2,2,2,2,2,2,2
S2_C898E25F,fall_of_freddie_leaf,male,13,-9.902488,-9.902488,16.66666666666667,0,33.33333333333334,0,50,100,47.6666666666667,61,friends_or_gifts,saving_for_future,saving_for_future,friends_or_gifts,family_support,family_support,family_support,2,2,2,2,2,3,2,family_support,learning_or_education,family_support,family_support,family_support,family_support,saving_for_future,3,3,3,2,2,2,3
S2_8619815F,goodbye_grandma_erma,male,12,-2.280062,-2.280062,16.66666666666667,50,83.33333333333333,50,0,0,69,42,saving_for_future,saving_for_future,saving_for_future,saving_for_future,immediate_consumption,immediate_consumption,immediate_consumption,2,2,2,3,3,3,3,immediate_consumption,immediate_consumption,saving_for_future,immediate_consumption,immediate_consumption,immediate_consumption,saving_for_future,3,2,2,3,3,3,3
S2_79BFE2DE,goodbye_grandma_erma,female,13,-5.071969,-9.902488,33.33333333333334,50,50,25,16.66666666666667,25,43.3333333333333,41,saving_for_future,saving_for_future,saving_for_future,immediate_consumption,friends_or_gifts,immediate_consumption,saving_for_future,2,2,2,3,2,2,2,immediate_consumption,saving_for_future,immediate_consumption,learning_or_education,saving_for_future,immediate_consumption,saving_for_future,2,2,3,2,2,2,2
S2_8E2AF0F5,fall_of_freddie_leaf,female,13,-9.902488,-9.902488,0,0,0,0,100,100,47.3333333333333,86.6666666666667,family_support,saving_for_future,learning_or_education,saving_for_future,learning_or_education,friends_or_gifts,family_support,3,3,3,3,3,2,3,saving_for_future,learning_or_education,family_support,saving_for_future,friends_or_gifts,family_support,saving_for_future,3,3,3,3,3,3,3
S2_67DBB8B2,fall_of_freddie_leaf,male,13,-4.342346,-4.342346,16.66666666666667,15,33.33333333333334,30,50,55,28,75,saving_for_future,saving_for_future,saving_for_future,saving_for_future,saving_for_future,saving_for_future,saving_for_future,3,3,3,3,3,3,3,saving_for_future,saving_for_future,saving_for_future,saving_for_future,saving_for_future,saving_for_future,saving_for_future,3,3,3,3,3,3,3
S2_9FF69B5F,fall_of_freddie_leaf,male,14,-4.342346,-4.342346,16.66666666666667,30,66.66666666666667,40,16.66666666666667,30,53.6666666666667,32.3333333333333,friends_or_gifts,friends_or_gifts,immediate_consumption,immediate_consumption,saving_for_future,immediate_consumption,saving_for_future,2,2,2,2,2,2,2,friends_or_gifts,friends_or_gifts,friends_or_gifts,friends_or_gifts,immediate_consumption,immediate_consumption,immediate_consumption,2,2,2,2,2,2,2
S2_2A825D3A,fall_of_freddie_leaf,male,13,-9.902488,-9.902488,16.66666666666667,10,33.33333333333334,10,50,80,80,45.6666666666667,saving_for_future,saving_for_future,saving_for_future,saving_for_future,saving_for_future,friends_or_gifts,saving_for_future,3,2,2,2,2,2,2,saving_for_future,saving_for_future,saving_for_future,saving_for_future,saving_for_future,saving_for_future,saving_for_future,3,3,3,3,3,3,3
S2_ED1238D1,goodbye_grandma_erma,male,14,-4.342346,-5.071969,0,30,0,70,100,0,50,53.3333333333333,saving_for_future,saving_for_future,saving_for_future,saving_for_future,saving_for_future,saving_for_future,saving_for_future,2,2,3,2,3,2,2,saving_for_future,saving_for_future,saving_for_future,saving_for_future,saving_for_future,saving_for_future,saving_for_future,3,3,3,3,3,3,2
S2_78B1980D,goodbye_grandma_erma,male,13,-9.902488,-9.902488,0,25,0,25,100,50,66.6666666666667,50,saving_for_future,saving_for_future,saving_for_future,saving_for_future,saving_for_future,saving_for_future,saving_for_future,3,3,3,3,3,3,3,saving_for_future,saving_for_future,saving_for_future,saving_for_future,saving_for_future,saving_for_future,saving_for_future,3,3,3,3,3,3,3
S2_BBC20750,fall_of_freddie_leaf,female,13,-9.902488,-9.902488,23.33333333333333,10,43.33333333333334,40,33.33333333333334,50,55,53.6666666666667,saving_for_future,saving_for_future,saving_for_future,saving_for_future,saving_for_future,saving_for_future,saving_for_future,2,2,2,3,2,2,2,saving_for_future,saving_for_future,saving_for_future,saving_for_future,saving_for_future,saving_for_future,saving_for_future,3,3,3,3,3,3,3
S2_699935F7,badgers_parting_gifts,male,12,-7.825303,-7.825303,33.33333333333334,20,33.33333333333334,30,33.33333333333334,50,72.6666666666667,72.6666666666667,friends_or_gifts,saving_for_future,saving_for_future,friends_or_gifts,saving_for_future,friends_or_gifts,friends_or_gifts,2,3,2,3,2,3,3,immediate_consumption,family_support,friends_or_gifts,saving_for_future,saving_for_future,saving_for_future,saving_for_future,3,3,2,3,3,3,3
S2_2391379B,fall_of_freddie_leaf,male,13,-1.540445,-2.280062,56,25,16.66666666666667,25,27.33333333333333,50,98,81,saving_for_future,saving_for_future,saving_for_future,saving_for_future,saving_for_future,saving_for_future,saving_for_future,2,2,2,2,2,2,2,saving_for_future,saving_for_future,saving_for_future,saving_for_future,saving_for_future,saving_for_future,saving_for_future,2,2,2,2,2,2,2
S2_3F54D27A,fall_of_freddie_leaf,female,14,-9.902488,-7.825303,11.66666666666667,98,8.666666666666666,1,79.66666666666667,1,50,57.3333333333333,friends_or_gifts,saving_for_future,immediate_consumption,family_support,learning_or_education,friends_or_gifts,saving_for_future,3,2,2,1,2,3,2,family_support,friends_or_gifts,saving_for_future,friends_or_gifts,friends_or_gifts,immediate_consumption,friends_or_gifts,1,1,2,2,1,2,2
S2_32DB44F8,goodbye_grandma_erma,female,15,-2.280062,-4.342346,66.66666666666667,50,33.33333333333334,30,0,20,64,53.3333333333333,immediate_consumption,immediate_consumption,immediate_consumption,friends_or_gifts,immediate_consumption,immediate_consumption,saving_for_future,2,2,2,2,2,3,3,immediate_consumption,saving_for_future,learning_or_education,saving_for_future,immediate_consumption,friends_or_gifts,family_support,2,3,2,2,2,2,2
S2_4808B0AB,fall_of_freddie_leaf,male,13,-9.902488,-9.902488,33.33333333333334,100,0,0,66.66666666666667,0,62.6666666666667,41.6666666666667,saving_for_future,saving_for_future,saving_for_future,saving_for_future,saving_for_future,saving_for_future,saving_for_future,3,3,3,3,3,3,3,saving_for_future,saving_for_future,saving_for_future,saving_for_future,saving_for_future,saving_for_future,saving_for_future,3,3,3,3,3,3,3
S2_BA8F79B7,goodbye_grandma_erma,male,12,-9.902488,-5.071969,16.66666666666667,20,33.33333333333334,30,50,50,56.6666666666667,57.3333333333333,saving_for_future,saving_for_future,saving_for_future,saving_for_future,saving_for_future,saving_for_future,saving_for_future,1,1,1,1,1,1,1,saving_for_future,saving_for_future,saving_for_future,saving_for_future,saving_for_future,saving_for_future,saving_for_future,1,1,1,1,1,1,2
S2_ED4E2D99,goodbye_grandma_erma,male,14,-4.337269,-4.337269,33.33333333333334,75,66.66666666666667,25,0,0,64,53,saving_for_future,saving_for_future,immediate_consumption,immediate_consumption,immediate_consumption,saving_for_future,saving_for_future,3,3,2,3,3,3,3,immediate_consumption,immediate_consumption,saving_for_future,immediate_consumption,immediate_consumption,saving_for_future,saving_for_future,3,3,2,3,3,3,3
S2_E089B774,fall_of_freddie_leaf,female,14,-4.337269,-4.337269,33.33333333333334,50,20,30,46.66666666666666,20,50,73.3333333333333,immediate_consumption,learning_or_education,saving_for_future,friends_or_gifts,saving_for_future,family_support,family_support,2,2,2,2,2,2,2,immediate_consumption,learning_or_education,saving_for_future,family_support,immediate_consumption,friends_or_gifts,family_support,3,2,2,2,2,2,3
S2_2B041DAB,goodbye_grandma_erma,female,14,-5.071969,-7.825303,16.66666666666667,1,33.33333333333334,0,50,99,82,65.3333333333333,family_support,immediate_consumption,saving_for_future,friends_or_gifts,friends_or_gifts,friends_or_gifts,friends_or_gifts,2,1,2,2,2,2,2,learning_or_education,friends_or_gifts,friends_or_gifts,friends_or_gifts,friends_or_gifts,friends_or_gifts,saving_for_future,3,2,3,2,3,3,3
S2_A18BBC62,fall_of_freddie_leaf,female,13,-4.342346,-4.337269,50,50,16.66666666666667,10,33.33333333333334,40,55.3333333333333,74.6666666666667,saving_for_future,saving_for_future,friends_or_gifts,immediate_consumption,saving_for_future,saving_for_future,saving_for_future,2,3,1,3,3,3,3,saving_for_future,saving_for_future,immediate_consumption,immediate_consumption,immediate_consumption,saving_for_future,immediate_consumption,2,2,3,3,3,2,3
S2_F9E8638B,goodbye_grandma_erma,female,12,-9.902488,-9.902488,16.66666666666667,50,33.33333333333334,20,50,30,55.3333333333333,16.3333333333333,saving_for_future,family_support,friends_or_gifts,saving_for_future,saving_for_future,saving_for_future,saving_for_future,2,2,3,3,3,3,3,saving_for_future,saving_for_future,saving_for_future,saving_for_future,saving_for_future,saving_for_future,saving_for_future,3,3,3,3,3,3,3
S2_99DCD9BF,fall_of_freddie_leaf,female,12,-2.280062,-4.342346,0,50,66.66666666666667,50,33.33333333333334,0,86.6666666666667,49.6666666666667,saving_for_future,saving_for_future,saving_for_future,saving_for_future,saving_for_future,saving_for_future,saving_for_future,3,3,3,3,3,3,3,saving_for_future,saving_for_future,saving_for_future,saving_for_future,saving_for_future,saving_for_future,saving_for_future,3,3,3,3,3,3,3
S2_C3AEE767,goodbye_grandma_erma,female,13,-5.071969,-4.342346,33.33333333333334,30,16.66666666666667,50,50,20,75,69.6666666666667,family_support,immediate_consumption,saving_for_future,learning_or_education,friends_or_gifts,family_support,immediate_consumption,2,2,2,3,1,3,2,family_support,immediate_consumption,learning_or_education,friends_or_gifts,family_support,immediate_consumption,saving_for_future,2,3,3,3,3,3,2
S2_4403DB68,goodbye_grandma_erma,male,15,-4.342346,-4.342346,50,30,50,30,0,40,53.3333333333333,58.3333333333333,saving_for_future,saving_for_future,saving_for_future,saving_for_future,saving_for_future,saving_for_future,saving_for_future,1,1,1,2,2,2,2,saving_for_future,saving_for_future,saving_for_future,saving_for_future,saving_for_future,saving_for_future,saving_for_future,1,1,2,2,2,2,2
S2_7CC65437,fall_of_freddie_leaf,male,11,-3.654383,-3.654383,1.166666666666667,10,96.66666666666669,20,2.166666666666667,70,82,63.3333333333333,friends_or_gifts,friends_or_gifts,friends_or_gifts,friends_or_gifts,friends_or_gifts,friends_or_gifts,friends_or_gifts,3,3,3,3,3,3,3,friends_or_gifts,friends_or_gifts,friends_or_gifts,friends_or_gifts,friends_or_gifts,friends_or_gifts,friends_or_gifts,3,3,3,3,2,3,3
S2_34BF806C,badgers_parting_gifts,male,12,-5.071969,-9.902488,26,19,17.33333333333333,1,56.66666666666666,80,59.6666666666667,46,saving_for_future,saving_for_future,family_support,friends_or_gifts,learning_or_education,saving_for_future,saving_for_future,2,3,2,2,2,2,2,saving_for_future,saving_for_future,saving_for_future,saving_for_future,saving_for_future,saving_for_future,saving_for_future,3,3,3,3,3,3,3
S2_E34A3D0E,badgers_parting_gifts,male,14,-5.071969,-5.071969,50,25,16.66666666666667,25,33.33333333333334,50,63.3333333333333,67,saving_for_future,saving_for_future,saving_for_future,saving_for_future,immediate_consumption,immediate_consumption,friends_or_gifts,3,3,2,3,3,3,2,saving_for_future,immediate_consumption,friends_or_gifts,immediate_consumption,saving_for_future,saving_for_future,saving_for_future,3,2,2,3,2,3,3
S2_2D90FC86,badgers_parting_gifts,male,13,-4.337269,-4.337269,10,40,33.33333333333334,30,56.66666666666666,30,90,43.3333333333333,saving_for_future,saving_for_future,saving_for_future,saving_for_future,saving_for_future,saving_for_future,saving_for_future,3,3,3,3,3,3,3,saving_for_future,saving_for_future,saving_for_future,saving_for_future,saving_for_future,saving_for_future,saving_for_future,3,3,3,3,3,3,3
S2_BFF059D4,goodbye_grandma_erma,female,13,-4.342346,-1.540445,33.33333333333334,50,33.33333333333334,30,33.33333333333334,20,40.3333333333333,53.6666666666667,saving_for_future,immediate_consumption,family_support,friends_or_gifts,saving_for_future,family_support,saving_for_future,3,3,3,2,2,2,2,family_support,family_support,immediate_consumption,immediate_consumption,saving_for_future,immediate_consumption,family_support,3,3,3,3,3,3,3
S2_20B0F917,goodbye_grandma_erma,female,12,-9.902488,-7.825303,6.666666666666667,30,33.33333333333334,50,60,20,63,45,saving_for_future,saving_for_future,saving_for_future,saving_for_future,saving_for_future,saving_for_future,saving_for_future,3,3,3,3,3,3,3,immediate_consumption,friends_or_gifts,friends_or_gifts,learning_or_education,saving_for_future,friends_or_gifts,family_support,3,3,3,3,1,1,3
S2_B55D1DD7,fall_of_freddie_leaf,female,14,-5.071969,-2.280062,13.33333333333333,20,33.33333333333334,30,53.33333333333334,50,44.6666666666667,61.3333333333333,saving_for_future,saving_for_future,saving_for_future,saving_for_future,saving_for_future,saving_for_future,saving_for_future,2,2,2,2,2,2,2,saving_for_future,saving_for_future,saving_for_future,saving_for_future,saving_for_future,saving_for_future,saving_for_future,2,2,2,2,2,2,2
S2_09C4D6FE,goodbye_grandma_erma,male,11,-7.825303,-4.342346,3.333333333333333,10,20,40,76.66666666666667,50,51.6666666666667,35,saving_for_future,family_support,friends_or_gifts,learning_or_education,saving_for_future,saving_for_future,saving_for_future,2,2,2,2,2,2,2,family_support,family_support,family_support,immediate_consumption,saving_for_future,friends_or_gifts,saving_for_future,2,2,2,2,2,2,2
S2_F5606531,badgers_parting_gifts,female,13,-4.342346,-4.337269,16.66666666666667,50,66.66666666666667,50,16.66666666666667,0,63.6666666666667,62.6666666666667,immediate_consumption,immediate_consumption,immediate_consumption,saving_for_future,saving_for_future,immediate_consumption,saving_for_future,3,3,2,2,2,3,3,saving_for_future,saving_for_future,saving_for_future,saving_for_future,saving_for_future,saving_for_future,immediate_consumption,3,2,2,2,2,3,2
S2_47576F86,badgers_parting_gifts,female,13,-5.071969,-2.280062,25,25,41.66666666666666,25,33.33333333333334,50,100,63.3333333333333,friends_or_gifts,saving_for_future,friends_or_gifts,friends_or_gifts,friends_or_gifts,saving_for_future,saving_for_future,2,3,3,2,2,2,3,friends_or_gifts,saving_for_future,friends_or_gifts,saving_for_future,friends_or_gifts,saving_for_future,friends_or_gifts,2,2,3,2,3,3,2
S2_0F9154D4,goodbye_grandma_erma,female,11,-9.902488,-9.902488,10,20,23.33333333333333,20,66.66666666666667,60,49,47.6666666666667,saving_for_future,saving_for_future,saving_for_future,saving_for_future,saving_for_future,saving_for_future,saving_for_future,3,3,3,3,3,3,3,saving_for_future,saving_for_future,saving_for_future,saving_for_future,saving_for_future,saving_for_future,saving_for_future,3,3,3,3,3,3,3
S2_792B4940,goodbye_grandma_erma,male,14,-3.654383,-3.654383,83.33333333333333,50,16.66666666666667,25,0,25,64,71.6666666666667,saving_for_future,saving_for_future,saving_for_future,saving_for_future,saving_for_future,saving_for_future,saving_for_future,3,3,3,3,3,3,1,saving_for_future,saving_for_future,saving_for_future,saving_for_future,saving_for_future,immediate_consumption,friends_or_gifts,3,3,3,3,3,3,3
S2_C79E4810,badgers_parting_gifts,female,12,-4.342346,-5.071969,50,75,25,20,25,5,38.6666666666667,48.6666666666667,saving_for_future,immediate_consumption,immediate_consumption,friends_or_gifts,family_support,saving_for_future,saving_for_future,1,2,2,1,3,2,2,immediate_consumption,saving_for_future,friends_or_gifts,saving_for_future,family_support,immediate_consumption,saving_for_future,3,3,2,2,2,2,3
S2_89F814BC,fall_of_freddie_leaf,male,12,-4.337269,-4.337269,13.33333333333333,10,20,40,66.66666666666667,50,20,15.6666666666667,saving_for_future,saving_for_future,saving_for_future,saving_for_future,saving_for_future,saving_for_future,saving_for_future,3,3,3,3,3,3,3,saving_for_future,saving_for_future,saving_for_future,saving_for_future,saving_for_future,saving_for_future,saving_for_future,3,3,3,3,3,3,3
S2_7674E5EC,badgers_parting_gifts,female,12,-5.071969,-2.280062,13.33333333333333,20,33.33333333333334,0,53.33333333333334,80,100,100,saving_for_future,saving_for_future,family_support,immediate_consumption,saving_for_future,saving_for_future,family_support,3,2,2,3,3,3,3,saving_for_future,saving_for_future,saving_for_future,saving_for_future,saving_for_future,saving_for_future,saving_for_future,2,2,3,3,2,3,3
S2_F23B1775,goodbye_grandma_erma,male,11,-9.902488,-9.902488,0,0,0,0,100,100,100,100,saving_for_future,saving_for_future,saving_for_future,saving_for_future,saving_for_future,saving_for_future,saving_for_future,3,3,3,3,3,3,3,saving_for_future,saving_for_future,saving_for_future,saving_for_future,saving_for_future,saving_for_future,saving_for_future,3,3,3,3,3,3,3
S2_DBCACA6A,badgers_parting_gifts,male,13,-3.654383,-4.342346,0,0,100,100,0,0,50,30.3333333333333,saving_for_future,saving_for_future,saving_for_future,saving_for_future,saving_for_future,saving_for_future,saving_for_future,3,3,3,3,3,3,3,saving_for_future,saving_for_future,saving_for_future,saving_for_future,saving_for_future,saving_for_future,saving_for_future,3,3,3,3,3,3,3
S2_58CED557,goodbye_grandma_erma,male,13,-1.540445,-4.342346,30,100,30,0,40,0,14,9.33333333333333,immediate_consumption,saving_for_future,learning_or_education,saving_for_future,family_support,saving_for_future,family_support,2,3,2,3,2,3,3,family_support,friends_or_gifts,learning_or_education,friends_or_gifts,friends_or_gifts,friends_or_gifts,learning_or_education,3,3,3,3,3,3,3
S2_332A7668,goodbye_grandma_erma,male,12,-9.902488,-5.071969,33.33333333333334,30,0,0,66.66666666666667,70,93.3333333333333,70,saving_for_future,saving_for_future,saving_for_future,saving_for_future,family_support,family_support,saving_for_future,2,2,2,2,3,2,2,friends_or_gifts,family_support,saving_for_future,saving_for_future,saving_for_future,family_support,saving_for_future,3,2,2,2,2,3,3
S2_37188A9A,badgers_parting_gifts,male,12,-9.902488,-9.902488,3.333333333333333,20,33.33333333333334,40,63.33333333333334,40,46,49.6666666666667,saving_for_future,saving_for_future,saving_for_future,family_support,friends_or_gifts,immediate_consumption,saving_for_future,3,2,2,3,3,3,3,family_support,family_support,saving_for_future,saving_for_future,immediate_consumption,family_support,immediate_consumption,3,3,3,3,3,3,2
S2_FF068BD1,badgers_parting_gifts,female,12,-2.280062,-4.342346,6.666666666666667,20,26.66666666666667,30,66.66666666666667,50,51,52,saving_for_future,saving_for_future,saving_for_future,saving_for_future,saving_for_future,saving_for_future,saving_for_future,3,3,3,3,3,3,3,saving_for_future,saving_for_future,saving_for_future,saving_for_future,saving_for_future,saving_for_future,saving_for_future,3,3,3,3,3,3,3
S2_D67BC4AB,badgers_parting_gifts,male,14,-7.825303,-4.342346,62.66666666666666,100,13.33333333333333,0,24,0,53.6666666666667,45.3333333333333,friends_or_gifts,friends_or_gifts,friends_or_gifts,friends_or_gifts,friends_or_gifts,friends_or_gifts,friends_or_gifts,3,3,3,3,3,3,3,friends_or_gifts,friends_or_gifts,friends_or_gifts,friends_or_gifts,friends_or_gifts,friends_or_gifts,friends_or_gifts,3,3,3,3,3,3,3
S2_373BEBE6,badgers_parting_gifts,female,12,-5.071969,-2.280062,16.66666666666667,30,33.33333333333334,20,50,50,53,38,saving_for_future,learning_or_education,saving_for_future,immediate_consumption,friends_or_gifts,saving_for_future,friends_or_gifts,2,2,3,1,2,3,3,immediate_consumption,saving_for_future,learning_or_education,friends_or_gifts,saving_for_future,learning_or_education,saving_for_future,1,3,2,1,3,3,3
S2_B9599FFF,goodbye_grandma_erma,female,12,-2.956211,-4.337269,6.666666666666667,40,26.66666666666667,20,66.66666666666667,40,63.3333333333333,54,saving_for_future,family_support,learning_or_education,friends_or_gifts,immediate_consumption,family_support,saving_for_future,3,2,2,2,2,3,3,family_support,friends_or_gifts,learning_or_education,immediate_consumption,saving_for_future,family_support,friends_or_gifts,3,2,2,2,2,2,2
S2_25C51D3F,goodbye_grandma_erma,female,11,-2.280062,-1.540445,33.33333333333334,20,33.33333333333334,50,33.33333333333334,30,100,100,family_support,family_support,family_support,family_support,saving_for_future,saving_for_future,saving_for_future,3,2,3,2,3,1,1,family_support,saving_for_future,saving_for_future,saving_for_future,saving_for_future,saving_for_future,saving_for_future,1,3,3,2,2,2,2
S2_D26CA826,badgers_parting_gifts,female,14,-7.825303,-2.280062,16.66666666666667,10,16.66666666666667,10,66.66666666666667,80,47.3333333333333,20,saving_for_future,saving_for_future,saving_for_future,saving_for_future,saving_for_future,saving_for_future,saving_for_future,3,3,3,3,3,3,3,saving_for_future,saving_for_future,saving_for_future,saving_for_future,saving_for_future,saving_for_future,saving_for_future,3,3,3,3,3,3,3
S2_3818168D,badgers_parting_gifts,female,14,-7.825303,-9.902488,3.333333333333333,10,33.33333333333334,80,63.33333333333334,10,50.6666666666667,70,saving_for_future,saving_for_future,saving_for_future,saving_for_future,saving_for_future,saving_for_future,saving_for_future,2,2,2,2,2,3,3,saving_for_future,saving_for_future,friends_or_gifts,immediate_consumption,learning_or_education,saving_for_future,friends_or_gifts,3,3,3,1,2,2,3
S2_9E755023,fall_of_freddie_leaf,female,12,-7.825303,-4.342346,16.66666666666667,60,33.33333333333334,30,50,10,90.3333333333333,88,saving_for_future,saving_for_future,saving_for_future,saving_for_future,immediate_consumption,immediate_consumption,saving_for_future,3,3,3,3,2,3,3,saving_for_future,saving_for_future,saving_for_future,immediate_consumption,saving_for_future,saving_for_future,saving_for_future,3,3,3,3,3,3,3
S2_149CA997,badgers_parting_gifts,female,14,-5.071969,-2.280062,16.66666666666667,30,33.33333333333334,40,50,30,44.6666666666667,43,saving_for_future,saving_for_future,saving_for_future,saving_for_future,friends_or_gifts,saving_for_future,saving_for_future,2,3,3,3,2,3,3,saving_for_future,saving_for_future,saving_for_future,friends_or_gifts,friends_or_gifts,saving_for_future,saving_for_future,3,3,3,3,3,3,3
S2_AF3CDF5D,badgers_parting_gifts,male,10,-9.902488,-7.825303,33.33333333333334,50,33.33333333333334,25,33.33333333333334,25,6,6,immediate_consumption,immediate_consumption,immediate_consumption,immediate_consumption,immediate_consumption,immediate_consumption,immediate_consumption,3,3,3,3,3,3,3,saving_for_future,immediate_consumption,saving_for_future,saving_for_future,saving_for_future,saving_for_future,saving_for_future,3,3,2,3,3,3,3
S2_DC6B03C1,badgers_parting_gifts,female,15,-9.902488,-9.902488,16.66666666666667,50,33.33333333333334,25,50,25,53,63.3333333333333,saving_for_future,saving_for_future,saving_for_future,saving_for_future,saving_for_future,saving_for_future,saving_for_future,2,2,2,2,2,2,2,saving_for_future,saving_for_future,saving_for_future,saving_for_future,saving_for_future,saving_for_future,saving_for_future,2,2,2,2,2,2,2
S2_4A1A8F3B,goodbye_grandma_erma,female,13,-5.071969,-2.280062,23.33333333333333,0,20,0,56.66666666666666,100,7.33333333333333,9,saving_for_future,saving_for_future,saving_for_future,learning_or_education,immediate_consumption,immediate_consumption,saving_for_future,3,3,3,3,3,3,3,saving_for_future,saving_for_future,learning_or_education,immediate_consumption,immediate_consumption,saving_for_future,saving_for_future,3,3,3,3,2,3,3
S2_AED9B3E7,goodbye_grandma_erma,male,13,-2.280062,-3.654383,40,40,26.66666666666667,30,33.33333333333334,30,62.3333333333333,37,saving_for_future,immediate_consumption,immediate_consumption,friends_or_gifts,immediate_consumption,saving_for_future,immediate_consumption,2,2,3,2,2,1,2,saving_for_future,immediate_consumption,immediate_consumption,friends_or_gifts,immediate_consumption,family_support,immediate_consumption,2,2,2,2,2,2,2
S2_9BA6A17B,goodbye_grandma_erma,male,15,-5.071969,-2.280062,0,50,33.33333333333334,25,66.66666666666667,25,53.3333333333333,47,saving_for_future,saving_for_future,saving_for_future,saving_for_future,saving_for_future,saving_for_future,saving_for_future,2,2,2,3,3,3,3,friends_or_gifts,family_support,learning_or_education,saving_for_future,immediate_consumption,friends_or_gifts,saving_for_future,3,3,3,2,3,3,2
S2_43E7FB2A,goodbye_grandma_erma,female,13,-7.825303,-9.902488,0,0,0,0,100,100,60.3333333333333,62,saving_for_future,saving_for_future,saving_for_future,saving_for_future,saving_for_future,saving_for_future,saving_for_future,3,3,3,3,3,3,3,saving_for_future,saving_for_future,saving_for_future,saving_for_future,saving_for_future,saving_for_future,saving_for_future,3,3,3,3,3,3,3
S2_89D63C4C,fall_of_freddie_leaf,male,16,-4.337269,-3.654383,66.63333333333334,34,33.3,33,0.0666666666666666,33,74,75,immediate_consumption,immediate_consumption,immediate_consumption,immediate_consumption,immediate_consumption,immediate_consumption,immediate_consumption,2,2,2,2,2,2,2,immediate_consumption,immediate_consumption,immediate_consumption,immediate_consumption,immediate_consumption,immediate_consumption,immediate_consumption,2,2,2,2,2,2,2
S2_9AEE5F96,goodbye_grandma_erma,female,14,-3.654383,-1.540445,33.33333333333334,40,33.33333333333334,25,33.33333333333334,35,44.3333333333333,47,saving_for_future,friends_or_gifts,saving_for_future,saving_for_future,immediate_consumption,saving_for_future,immediate_consumption,2,2,2,2,2,2,2,saving_for_future,saving_for_future,saving_for_future,immediate_consumption,friends_or_gifts,immediate_consumption,immediate_consumption,2,2,2,2,2,2,2
S2_D71553D6,badgers_parting_gifts,male,11,-7.825303,-5.071969,33.33333333333334,40,33.33333333333334,40,33.33333333333334,20,54.3333333333333,70.3333333333333,learning_or_education,learning_or_education,learning_or_education,learning_or_education,learning_or_education,learning_or_education,learning_or_education,2,2,2,2,2,2,2,learning_or_education,learning_or_education,learning_or_education,learning_or_education,family_support,friends_or_gifts,family_support,2,2,2,2,3,1,3
S2_8BBE31BE,badgers_parting_gifts,female,15,-7.825303,-4.342346,26.66666666666667,30,33.33333333333334,20,40,50,89.3333333333333,76.3333333333333,saving_for_future,saving_for_future,family_support,friends_or_gifts,saving_for_future,saving_for_future,family_support,3,3,2,3,3,3,3,friends_or_gifts,learning_or_education,family_support,immediate_consumption,family_support,family_support,family_support,2,3,2,2,2,3,3
S2_A5F728F4,badgers_parting_gifts,male,12,-9.902488,-5.071969,0,0,0,0,100,100,10.3333333333333,51.6666666666667,saving_for_future,saving_for_future,saving_for_future,saving_for_future,saving_for_future,saving_for_future,saving_for_future,3,3,3,3,3,3,3,saving_for_future,saving_for_future,saving_for_future,saving_for_future,saving_for_future,saving_for_future,saving_for_future,3,3,3,3,3,3,3
S2_23EEB5F9,badgers_parting_gifts,female,15,-4.342346,-2.280062,33.33333333333334,50,33.33333333333334,20,33.33333333333334,30,6.66666666666667,12.6666666666667,immediate_consumption,immediate_consumption,immediate_consumption,immediate_consumption,saving_for_future,family_support,immediate_consumption,2,2,2,2,1,2,2,family_support,family_support,immediate_consumption,immediate_consumption,immediate_consumption,immediate_consumption,immediate_consumption,2,2,2,2,2,2,2
S2_8EABE1A9,badgers_parting_gifts,male,15,-9.902488,-9.902488,6.666666666666667,20,66.66666666666667,60,26.66666666666667,20,67.3333333333333,71.6666666666667,family_support,saving_for_future,learning_or_education,immediate_consumption,friends_or_gifts,family_support,learning_or_education,2,3,3,2,2,2,2,friends_or_gifts,family_support,saving_for_future,learning_or_education,immediate_consumption,friends_or_gifts,friends_or_gifts,2,2,2,2,2,2,2
S2_5C8B15FB,badgers_parting_gifts,female,13,-2.280062,-4.342346,16.66666666666667,20,33.33333333333334,40,50,40,56.6666666666667,51.3333333333333,saving_for_future,saving_for_future,saving_for_future,saving_for_future,saving_for_future,friends_or_gifts,friends_or_gifts,2,3,3,3,3,3,3,saving_for_future,saving_for_future,friends_or_gifts,saving_for_future,saving_for_future,family_support,saving_for_future,3,3,2,3,3,3,2
S2_B3C2C20F,fall_of_freddie_leaf,female,14,-2.280062,-5.071969,16.66666666666667,50,83.33333333333333,50,0,0,67,56.6666666666667,saving_for_future,immediate_consumption,saving_for_future,saving_for_future,saving_for_future,saving_for_future,saving_for_future,2,2,2,3,3,3,3,saving_for_future,saving_for_future,saving_for_future,saving_for_future,immediate_consumption,immediate_consumption,saving_for_future,2,2,2,2,2,2,2
S2_5A30325F,fall_of_freddie_leaf,female,13,-7.825303,-5.071969,33.33333333333334,50,33.33333333333334,50,33.33333333333334,0,84.3333333333333,51.3333333333333,saving_for_future,saving_for_future,saving_for_future,saving_for_future,saving_for_future,saving_for_future,saving_for_future,2,2,2,2,2,2,2,saving_for_future,saving_for_future,saving_for_future,saving_for_future,saving_for_future,saving_for_future,saving_for_future,2,2,2,2,2,2,2
S2_63F764AE,fall_of_freddie_leaf,male,12,-9.902488,-9.902488,16.66666666666667,10,50,50,33.33333333333334,40,7.33333333333333,6.66666666666667,saving_for_future,saving_for_future,saving_for_future,saving_for_future,saving_for_future,saving_for_future,saving_for_future,2,2,2,2,2,2,2,saving_for_future,saving_for_future,saving_for_future,saving_for_future,saving_for_future,family_support,saving_for_future,2,2,2,2,2,2,2
S2_2A193A5C,goodbye_grandma_erma,male,12,-4.342346,-4.337269,0,0,33.33333333333334,0,66.66666666666667,100,78.6666666666667,95.6666666666667,saving_for_future,saving_for_future,saving_for_future,saving_for_future,saving_for_future,saving_for_future,saving_for_future,3,3,3,3,3,3,3,saving_for_future,saving_for_future,saving_for_future,saving_for_future,saving_for_future,saving_for_future,saving_for_future,3,3,3,3,3,3,3
S2_BD099BA0,goodbye_grandma_erma,female,12,-5.071969,-5.071969,20,20,33.33333333333334,30,46.66666666666666,50,63.3333333333333,46.6666666666667,saving_for_future,family_support,learning_or_education,immediate_consumption,friends_or_gifts,family_support,saving_for_future,3,3,2,3,3,3,3,saving_for_future,family_support,learning_or_education,immediate_consumption,friends_or_gifts,learning_or_education,family_support,3,3,3,3,3,3,3
S2_378E79D2,badgers_parting_gifts,male,13,-1.540445,-1.540445,0,0,0,0,100,100,54.3333333333333,63.3333333333333,saving_for_future,saving_for_future,saving_for_future,saving_for_future,saving_for_future,saving_for_future,saving_for_future,2,3,3,3,3,3,3,saving_for_future,saving_for_future,saving_for_future,saving_for_future,saving_for_future,saving_for_future,saving_for_future,3,3,3,3,3,3,3
S2_4061A8CB,badgers_parting_gifts,male,13,-1.540445,-4.337269,16.66666666666667,20,16.66666666666667,30,66.66666666666667,50,99.6666666666667,86,saving_for_future,saving_for_future,saving_for_future,saving_for_future,saving_for_future,saving_for_future,saving_for_future,3,3,3,3,3,3,3,saving_for_future,saving_for_future,saving_for_future,saving_for_future,saving_for_future,saving_for_future,saving_for_future,3,3,3,3,3,3,3
S2_94B5A285,goodbye_grandma_erma,female,14,-2.280062,-2.280062,66.66666666666667,80,26.66666666666667,10,6.666666666666667,10,47.6666666666667,46.6666666666667,immediate_consumption,immediate_consumption,immediate_consumption,saving_for_future,immediate_consumption,saving_for_future,immediate_consumption,3,3,3,2,3,2,3,immediate_consumption,immediate_consumption,immediate_consumption,immediate_consumption,immediate_consumption,immediate_consumption,immediate_consumption,3,3,3,3,3,3,3
S2_0B746476,fall_of_freddie_leaf,male,11,-1.540445,-4.342346,16.66666666666667,25,33.33333333333334,15,50,60,33.3333333333333,22,saving_for_future,saving_for_future,saving_for_future,saving_for_future,saving_for_future,saving_for_future,saving_for_future,2,3,3,3,2,3,3,saving_for_future,saving_for_future,saving_for_future,saving_for_future,saving_for_future,saving_for_future,saving_for_future,3,3,3,3,2,2,2
S2_E3A030D0,fall_of_freddie_leaf,male,12,-2.280062,-2.280062,10,30,23.33333333333333,10,66.66666666666667,60,50.6666666666667,56,saving_for_future,saving_for_future,saving_for_future,saving_for_future,saving_for_future,family_support,saving_for_future,2,2,3,2,2,2,2,saving_for_future,saving_for_future,saving_for_future,immediate_consumption,friends_or_gifts,friends_or_gifts,saving_for_future,2,2,2,2,2,3,2
S2_913077A7,badgers_parting_gifts,male,13,-7.825303,-9.902488,0,0,0,0,100,100,18.3333333333333,15.3333333333333,saving_for_future,saving_for_future,saving_for_future,saving_for_future,saving_for_future,saving_for_future,immediate_consumption,3,2,2,2,2,3,3,saving_for_future,saving_for_future,saving_for_future,saving_for_future,saving_for_future,saving_for_future,saving_for_future,2,3,3,3,3,3,3
S2_21D40236,badgers_parting_gifts,female,13,-5.071969,-2.280062,18,30,33.33333333333334,20,48.66666666666666,50,64.3333333333333,57,saving_for_future,saving_for_future,saving_for_future,saving_for_future,saving_for_future,saving_for_future,saving_for_future,3,3,3,3,3,3,3,saving_for_future,saving_for_future,saving_for_future,saving_for_future,saving_for_future,saving_for_future,saving_for_future,3,3,3,3,3,3,3
S2_42E7A8D0,goodbye_grandma_erma,female,12,-4.337269,-9.902488,16.66666666666667,20,16.66666666666667,40,66.66666666666667,40,92.3333333333333,15.3333333333333,friends_or_gifts,saving_for_future,friends_or_gifts,saving_for_future,saving_for_future,family_support,saving_for_future,2,2,3,2,2,2,2,family_support,saving_for_future,friends_or_gifts,family_support,saving_for_future,learning_or_education,family_support,2,3,2,2,2,3,3
S2_5DC65227,badgers_parting_gifts,male,11,-9.902488,-9.902488,11.33333333333333,10,22,50,66.66666666666667,40,35.6666666666667,42,saving_for_future,family_support,learning_or_education,saving_for_future,saving_for_future,saving_for_future,saving_for_future,2,3,2,3,3,3,3,saving_for_future,saving_for_future,saving_for_future,saving_for_future,saving_for_future,saving_for_future,saving_for_future,3,3,3,3,3,3,3
S2_F12CDF82,goodbye_grandma_erma,male,12,-4.342346,-1.540445,13.33333333333333,40,5.333333333333333,40,81.33333333333333,20,100,100,saving_for_future,saving_for_future,saving_for_future,family_support,friends_or_gifts,immediate_consumption,saving_for_future,2,2,2,3,1,2,2,saving_for_future,saving_for_future,saving_for_future,saving_for_future,saving_for_future,saving_for_future,saving_for_future,2,2,2,2,2,2,2
S2_154D7C0F,goodbye_grandma_erma,male,13,-2.280062,-5.071969,3.333333333333333,0,33.33333333333334,50,63.33333333333334,50,72,52.3333333333333,saving_for_future,saving_for_future,saving_for_future,saving_for_future,saving_for_future,saving_for_future,saving_for_future,2,2,2,2,2,2,2,family_support,learning_or_education,friends_or_gifts,immediate_consumption,immediate_consumption,friends_or_gifts,friends_or_gifts,2,2,2,2,2,2,2
S2_67BF8C12,goodbye_grandma_erma,female,11,-1.540445,-1.540445,20,30,43.33333333333334,40,36.66666666666666,30,45,59,saving_for_future,saving_for_future,saving_for_future,saving_for_future,saving_for_future,immediate_consumption,saving_for_future,2,2,2,2,2,3,2,saving_for_future,learning_or_education,friends_or_gifts,immediate_consumption,immediate_consumption,saving_for_future,saving_for_future,3,1,1,2,2,3,2
S2_FDE62EEA,fall_of_freddie_leaf,male,14,-4.337269,-4.337269,16.66666666666667,20,83.33333333333333,80,0,0,11.3333333333333,11,saving_for_future,saving_for_future,saving_for_future,saving_for_future,saving_for_future,saving_for_future,saving_for_future,3,3,3,3,3,3,3,saving_for_future,saving_for_future,saving_for_future,saving_for_future,saving_for_future,saving_for_future,saving_for_future,3,3,3,3,3,3,3
S2_4438A325,goodbye_grandma_erma,female,14,-5.071969,-4.342346,10,30,23.33333333333333,30,66.66666666666667,40,57,54.3333333333333,family_support,friends_or_gifts,immediate_consumption,learning_or_education,saving_for_future,family_support,immediate_consumption,2,2,2,1,2,2,1,family_support,friends_or_gifts,immediate_consumption,learning_or_education,saving_for_future,immediate_consumption,friends_or_gifts,2,2,2,2,2,2,2
S2_C6018251,badgers_parting_gifts,female,14,-4.337269,-4.337269,50,90,33.33333333333334,5,16.66666666666667,5,43.3333333333333,62.6666666666667,saving_for_future,immediate_consumption,immediate_consumption,saving_for_future,saving_for_future,immediate_consumption,immediate_consumption,2,2,2,2,2,2,2,immediate_consumption,immediate_consumption,immediate_consumption,immediate_consumption,immediate_consumption,immediate_consumption,saving_for_future,2,2,2,2,2,2,2
S2_DFBD3968,goodbye_grandma_erma,female,13,-5.071969,-5.071969,0,30,33.33333333333334,50,66.66666666666667,20,60.3333333333333,39.6666666666667,saving_for_future,saving_for_future,saving_for_future,saving_for_future,saving_for_future,saving_for_future,saving_for_future,3,3,2,3,3,3,3,saving_for_future,saving_for_future,saving_for_future,saving_for_future,saving_for_future,saving_for_future,saving_for_future,3,3,3,2,3,3,3
S2_62E0CAB5,goodbye_grandma_erma,female,11,-1.540445,-3.654383,25,35,48.33333333333334,25,26.66666666666667,40,59,63.3333333333333,learning_or_education,saving_for_future,family_support,saving_for_future,friends_or_gifts,saving_for_future,learning_or_education,1,2,3,2,3,2,2,saving_for_future,saving_for_future,saving_for_future,saving_for_future,saving_for_future,saving_for_future,family_support,2,2,2,3,3,3,2
S2_FFB77D34,fall_of_freddie_leaf,female,13,-5.071969,-9.902488,0,50,50,50,50,0,42.6666666666667,70.3333333333333,friends_or_gifts,family_support,family_support,family_support,family_support,immediate_consumption,learning_or_education,2,2,2,2,2,3,2,saving_for_future,saving_for_future,saving_for_future,saving_for_future,saving_for_future,saving_for_future,saving_for_future,3,3,3,3,3,3,3
S2_02F9BF77,badgers_parting_gifts,male,13,-2.280062,-4.342346,16.66666666666667,20,33.33333333333334,40,50,40,76.6666666666667,67,saving_for_future,learning_or_education,family_support,family_support,family_support,family_support,learning_or_education,2,3,3,3,2,3,2,friends_or_gifts,learning_or_education,family_support,friends_or_gifts,family_support,immediate_consumption,learning_or_education,2,2,3,2,2,3,3
S2_36A0E649,badgers_parting_gifts,female,12,-9.902488,-9.902488,26.66666666666667,10,16.66666666666667,20,56.66666666666666,70,50,50,saving_for_future,saving_for_future,saving_for_future,saving_for_future,saving_for_future,saving_for_future,saving_for_future,3,3,3,3,3,3,3,saving_for_future,saving_for_future,saving_for_future,saving_for_future,saving_for_future,saving_for_future,saving_for_future,3,3,3,3,3,3,3
S2_3085F3AD,badgers_parting_gifts,female,13,-9.902488,-9.902488,16.66666666666667,30,33.33333333333334,30,50,40,53,19,saving_for_future,saving_for_future,saving_for_future,saving_for_future,saving_for_future,saving_for_future,saving_for_future,2,2,2,2,2,3,3,saving_for_future,saving_for_future,saving_for_future,saving_for_future,saving_for_future,saving_for_future,saving_for_future,2,2,2,2,3,3,3
S2_6ABA2180,fall_of_freddie_leaf,male,13,-2.280062,-4.342346,16.66666666666667,50,50,50,33.33333333333334,0,50,46,saving_for_future,saving_for_future,saving_for_future,saving_for_future,saving_for_future,saving_for_future,saving_for_future,3,3,3,3,3,3,3,saving_for_future,saving_for_future,saving_for_future,saving_for_future,saving_for_future,saving_for_future,saving_for_future,3,3,3,3,3,3,3
S2_F3588512,fall_of_freddie_leaf,male,13,-4.342346,-4.337269,16.66666666666667,10,33.33333333333334,40,50,50,71.6666666666667,100,saving_for_future,saving_for_future,saving_for_future,saving_for_future,saving_for_future,saving_for_future,saving_for_future,3,3,3,3,3,3,3,saving_for_future,saving_for_future,saving_for_future,saving_for_future,saving_for_future,saving_for_future,saving_for_future,3,3,3,3,3,3,3
S2_1FB252EC,fall_of_freddie_leaf,female,13,-9.902488,-9.902488,10,10,33.33333333333334,30,56.66666666666666,60,30,20,saving_for_future,saving_for_future,saving_for_future,saving_for_future,saving_for_future,saving_for_future,saving_for_future,3,3,3,3,3,3,3,saving_for_future,saving_for_future,saving_for_future,saving_for_future,saving_for_future,saving_for_future,saving_for_future,3,3,3,3,3,3,3
S2_AC283F91,fall_of_freddie_leaf,male,11,-5.071969,-2.280062,33.33333333333334,30,50,50,16.66666666666667,20,53.3333333333333,36.6666666666667,saving_for_future,family_support,saving_for_future,immediate_consumption,immediate_consumption,friends_or_gifts,learning_or_education,2,2,2,2,3,2,2,immediate_consumption,family_support,friends_or_gifts,saving_for_future,learning_or_education,saving_for_future,saving_for_future,2,2,2,1,3,2,2
S2_9C8188B6,fall_of_freddie_leaf,male,13,-1.540445,-4.342346,16.66666666666667,50,6.666666666666667,4,76.66666666666667,46,78,95.6666666666667,saving_for_future,family_support,learning_or_education,saving_for_future,saving_for_future,saving_for_future,saving_for_future,3,3,3,3,3,3,3,saving_for_future,saving_for_future,saving_for_future,saving_for_future,saving_for_future,saving_for_future,saving_for_future,3,3,3,3,3,3,3
S2_ED6CCDDD,fall_of_freddie_leaf,male,14,-5.071969,-2.280062,26.66666666666667,40,33.33333333333334,35,40,25,67.3333333333333,50.3333333333333,immediate_consumption,learning_or_education,saving_for_future,immediate_consumption,family_support,saving_for_future,saving_for_future,2,2,3,3,2,2,2,saving_for_future,saving_for_future,saving_for_future,immediate_consumption,family_support,immediate_consumption,saving_for_future,2,2,2,3,2,2,2
S2_0847352F,badgers_parting_gifts,female,15,-5.071969,-2.280062,33.33333333333334,50,33.33333333333334,30,33.33333333333334,20,70,35.6666666666667,saving_for_future,saving_for_future,saving_for_future,saving_for_future,saving_for_future,saving_for_future,saving_for_future,3,2,3,3,3,3,3,immediate_consumption,saving_for_future,saving_for_future,saving_for_future,saving_for_future,saving_for_future,saving_for_future,1,3,3,3,3,3,3
S2_EA618AF3,badgers_parting_gifts,male,11,-4.342346,-4.337269,33.33333333333334,50,33.33333333333334,25,33.33333333333334,25,27,31.3333333333333,immediate_consumption,immediate_consumption,immediate_consumption,immediate_consumption,immediate_consumption,immediate_consumption,friends_or_gifts,2,3,2,3,3,3,3,immediate_consumption,immediate_consumption,friends_or_gifts,friends_or_gifts,immediate_consumption,immediate_consumption,saving_for_future,3,3,3,3,3,3,3
S2_DACF23C3,fall_of_freddie_leaf,male,14,-9.902488,-5.071969,16.66666666666667,20,16.66666666666667,50,66.66666666666667,30,49.6666666666667,45,saving_for_future,saving_for_future,saving_for_future,saving_for_future,saving_for_future,saving_for_future,friends_or_gifts,3,2,3,3,3,3,2,saving_for_future,saving_for_future,saving_for_future,immediate_consumption,saving_for_future,saving_for_future,saving_for_future,3,3,3,2,3,3,3
S2_9A56148E,fall_of_freddie_leaf,female,11,-9.902488,-7.825303,33.33333333333334,20,0,0,66.66666666666667,80,76.6666666666667,61.6666666666667,saving_for_future,saving_for_future,saving_for_future,saving_for_future,saving_for_future,saving_for_future,saving_for_future,3,3,3,3,3,3,3,saving_for_future,saving_for_future,saving_for_future,saving_for_future,saving_for_future,saving_for_future,saving_for_future,2,2,3,3,3,3,2
S2_137715F8,fall_of_freddie_leaf,male,11,-5.071969,-6.451207,50,30,16.66666666666667,20,33.33333333333334,50,64.3333333333333,35,saving_for_future,saving_for_future,immediate_consumption,family_support,saving_for_future,saving_for_future,family_support,3,3,2,2,3,3,3,saving_for_future,saving_for_future,family_support,immediate_consumption,saving_for_future,family_support,saving_for_future,3,3,2,2,3,3,3
S2_938ADC87,fall_of_freddie_leaf,female,14,-5.071969,-2.280062,33.33333333333334,50,33.33333333333334,25,33.33333333333334,25,6.33333333333333,9.33333333333333,friends_or_gifts,saving_for_future,saving_for_future,immediate_consumption,saving_for_future,immediate_consumption,friends_or_gifts,3,2,2,2,2,3,3,saving_for_future,immediate_consumption,friends_or_gifts,saving_for_future,friends_or_gifts,immediate_consumption,immediate_consumption,2,2,3,2,3,2,3
S2_87053C40,badgers_parting_gifts,male,13.5,-4.337269,-4.337269,16.66666666666667,20,16.66666666666667,10,66.66666666666667,70,83,60.6666666666667,saving_for_future,saving_for_future,saving_for_future,saving_for_future,immediate_consumption,saving_for_future,saving_for_future,2,3,3,3,2,2,2,saving_for_future,saving_for_future,saving_for_future,saving_for_future,immediate_consumption,saving_for_future,saving_for_future,3,3,3,3,2,2,2
S2_8E415676,badgers_parting_gifts,female,12,-7.825303,-9.902488,3.333333333333333,20,33.33333333333334,30,63.33333333333334,50,50,50,family_support,family_support,family_support,family_support,saving_for_future,saving_for_future,learning_or_education,3,3,3,3,3,3,3,saving_for_future,family_support,saving_for_future,family_support,saving_for_future,learning_or_education,learning_or_education,3,3,3,3,3,3,3
S2_80F1EB0C,fall_of_freddie_leaf,male,11,-7.825303,-2.280062,16.66666666666667,30,33.33333333333334,30,50,40,25.6666666666667,26.6666666666667,saving_for_future,saving_for_future,saving_for_future,saving_for_future,saving_for_future,saving_for_future,saving_for_future,2,2,2,2,2,3,3,saving_for_future,saving_for_future,saving_for_future,saving_for_future,saving_for_future,saving_for_future,saving_for_future,2,2,2,2,2,2,3
S2_59FAD319,fall_of_freddie_leaf,female,14,-9.902488,-9.902488,0,0,0,0,100,100,86,79.6666666666667,saving_for_future,learning_or_education,saving_for_future,saving_for_future,saving_for_future,saving_for_future,saving_for_future,3,3,3,3,3,3,3,saving_for_future,saving_for_future,saving_for_future,saving_for_future,saving_for_future,saving_for_future,saving_for_future,3,3,3,3,3,3,3
S2_5263FDAA,goodbye_grandma_erma,male,13,-5.071969,-1.540445,16.66666666666667,0,16.66666666666667,0,66.66666666666667,100,53.3333333333333,60,friends_or_gifts,friends_or_gifts,friends_or_gifts,friends_or_gifts,friends_or_gifts,friends_or_gifts,friends_or_gifts,2,3,3,3,3,3,3,family_support,family_support,family_support,family_support,family_support,family_support,family_support,2,2,3,3,2,2,2
S2_FC7F72C7,goodbye_grandma_erma,female,11,-1.540445,-1.540445,33.33333333333334,10,33.33333333333334,40,33.33333333333334,50,51.6666666666667,52.3333333333333,saving_for_future,saving_for_future,saving_for_future,saving_for_future,saving_for_future,saving_for_future,saving_for_future,3,3,3,3,3,3,3,saving_for_future,saving_for_future,saving_for_future,saving_for_future,saving_for_future,saving_for_future,saving_for_future,3,3,3,3,3,3,3
S2_CF5CB36A,goodbye_grandma_erma,female,13,-9.902488,-2.280062,16.66666666666667,30,33.33333333333334,20,50,50,63.3333333333333,53.3333333333333,learning_or_education,friends_or_gifts,saving_for_future,family_support,immediate_consumption,immediate_consumption,immediate_consumption,3,3,2,2,3,3,3,immediate_consumption,saving_for_future,saving_for_future,saving_for_future,friends_or_gifts,friends_or_gifts,immediate_consumption,3,2,2,2,3,3,3
S2_8164BA12,fall_of_freddie_leaf,male,13,-5.071969,-2.956211,33.33333333333334,1,16.66666666666667,9,50,90,45.6666666666667,54,saving_for_future,family_support,learning_or_education,friends_or_gifts,immediate_consumption,learning_or_education,immediate_consumption,3,1,1,2,3,1,2,saving_for_future,friends_or_gifts,friends_or_gifts,family_support,immediate_consumption,friends_or_gifts,immediate_consumption,2,3,2,3,2,2,1
S2_D5F9057F,goodbye_grandma_erma,female,13,-6.451207,-1.540445,33.33333333333334,50,33.33333333333334,40,33.33333333333334,10,72,70.6666666666667,family_support,saving_for_future,immediate_consumption,family_support,family_support,family_support,family_support,3,3,3,3,3,3,3,family_support,family_support,family_support,family_support,family_support,family_support,family_support,3,3,3,3,3,3,3
S2_A9E73703,fall_of_freddie_leaf,male,15,-2.280062,-5.76286,50,50,16.66666666666667,25,33.33333333333334,25,32,22,saving_for_future,friends_or_gifts,saving_for_future,immediate_consumption,saving_for_future,immediate_consumption,saving_for_future,2,2,2,2,2,2,2,saving_for_future,saving_for_future,immediate_consumption,saving_for_future,saving_for_future,immediate_consumption,immediate_consumption,2,2,2,2,2,2,2
S2_04E985DF,badgers_parting_gifts,female,14,-5.071969,-2.280062,33.33333333333334,30,33.33333333333334,40,33.33333333333334,30,16.6666666666667,37.6666666666667,saving_for_future,saving_for_future,saving_for_future,family_support,learning_or_education,family_support,friends_or_gifts,3,3,3,3,3,3,3,saving_for_future,saving_for_future,saving_for_future,family_support,friends_or_gifts,saving_for_future,friends_or_gifts,3,3,3,3,3,2,3
S2_1A9DB96F,fall_of_freddie_leaf,male,12,-7.825303,-5.071969,66.66666666666667,30,16.66666666666667,10,16.66666666666667,60,71.6666666666667,83.3333333333333,saving_for_future,family_support,saving_for_future,learning_or_education,family_support,saving_for_future,saving_for_future,3,3,2,2,2,3,3,saving_for_future,saving_for_future,saving_for_future,saving_for_future,family_support,saving_for_future,immediate_consumption,3,3,3,3,3,3,3
S2_8D59FBF3,badgers_parting_gifts,female,13,-4.342346,-4.337269,100,100,0,0,0,0,33,32.6666666666667,immediate_consumption,immediate_consumption,immediate_consumption,immediate_consumption,immediate_consumption,immediate_consumption,immediate_consumption,3,3,3,3,3,2,2,immediate_consumption,immediate_consumption,immediate_consumption,immediate_consumption,immediate_consumption,immediate_consumption,immediate_consumption,3,3,3,3,3,3,2
S2_64565770,badgers_parting_gifts,male,13,-4.342346,-4.337269,86,68,14,32,0,0,61.6666666666667,59.6666666666667,immediate_consumption,friends_or_gifts,immediate_consumption,friends_or_gifts,immediate_consumption,immediate_consumption,immediate_consumption,3,3,2,3,3,3,3,immediate_consumption,immediate_consumption,immediate_consumption,immediate_consumption,immediate_consumption,immediate_consumption,immediate_consumption,3,3,3,3,3,3,3
S2_EA7E5FE7,goodbye_grandma_erma,female,14,-5.07181,-4.342346,16.66666666666667,20,66.66666666666667,10,16.66666666666667,70,24.6666666666667,49.6666666666667,saving_for_future,friends_or_gifts,family_support,friends_or_gifts,learning_or_education,saving_for_future,saving_for_future,2,2,2,2,1,2,2,saving_for_future,friends_or_gifts,saving_for_future,family_support,saving_for_future,friends_or_gifts,saving_for_future,3,2,2,2,3,2,2
S2_41F78F50,badgers_parting_gifts,male,13,-9.902488,-9.902488,16.66666666666667,0,23.33333333333333,0,60,100,1,2.33333333333333,saving_for_future,saving_for_future,saving_for_future,saving_for_future,saving_for_future,saving_for_future,saving_for_future,3,3,3,3,2,3,3,saving_for_future,saving_for_future,saving_for_future,learning_or_education,saving_for_future,saving_for_future,saving_for_future,3,3,3,3,3,3,3
S2_DC977619,goodbye_grandma_erma,female,12,-9.902488,-9.902488,5,43,16.66666666666667,50,78.33333333333333,7,49.6666666666667,52.3333333333333,saving_for_future,saving_for_future,saving_for_future,saving_for_future,saving_for_future,saving_for_future,saving_for_future,2,2,3,2,3,3,3,saving_for_future,saving_for_future,saving_for_future,saving_for_future,saving_for_future,saving_for_future,saving_for_future,3,3,3,3,3,3,3
S2_CBD205CB,goodbye_grandma_erma,female,15,-4.342346,-4.337269,16.66666666666667,20,33.33333333333334,30,50,50,55,76,saving_for_future,saving_for_future,immediate_consumption,family_support,saving_for_future,saving_for_future,friends_or_gifts,2,1,2,2,2,2,2,saving_for_future,saving_for_future,immediate_consumption,saving_for_future,immediate_consumption,saving_for_future,family_support,3,3,3,2,2,3,2
S2_4925A1B4,badgers_parting_gifts,female,10,-1.540445,-1.540445,33.33333333333334,20,33.33333333333334,40,33.33333333333334,40,95.6666666666667,100,learning_or_education,learning_or_education,saving_for_future,learning_or_education,saving_for_future,learning_or_education,saving_for_future,3,3,3,1,1,1,1,saving_for_future,saving_for_future,saving_for_future,saving_for_future,saving_for_future,saving_for_future,saving_for_future,1,1,1,1,1,3,1
S2_AD364595,badgers_parting_gifts,female,12,-2.956211,-2.956211,26.66666666666667,0,33.33333333333334,50,40,50,45,45,saving_for_future,saving_for_future,saving_for_future,saving_for_future,saving_for_future,saving_for_future,saving_for_future,3,3,3,3,3,3,3,saving_for_future,saving_for_future,saving_for_future,saving_for_future,saving_for_future,saving_for_future,saving_for_future,3,3,3,3,3,3,3
S2_6475AEE2,badgers_parting_gifts,male,13,-4.342346,-2.280062,16.66666666666667,50,66.66666666666667,0,16.66666666666667,50,31.3333333333333,48.3333333333333,saving_for_future,saving_for_future,saving_for_future,saving_for_future,saving_for_future,saving_for_future,saving_for_future,3,3,2,2,2,3,3,saving_for_future,saving_for_future,saving_for_future,saving_for_future,saving_for_future,saving_for_future,saving_for_future,3,3,3,3,3,3,3
S2_AFC21615,goodbye_grandma_erma,female,14,-2.956211,-5.071969,33.33333333333334,90,16.66666666666667,5,50,5,77.6666666666667,74.3333333333333,saving_for_future,immediate_consumption,saving_for_future,saving_for_future,friends_or_gifts,saving_for_future,immediate_consumption,3,3,3,3,3,3,3,saving_for_future,immediate_consumption,immediate_consumption,immediate_consumption,friends_or_gifts,immediate_consumption,immediate_consumption,2,3,3,3,3,3,3
S2_2F317210,goodbye_grandma_erma,female,14,-9.902488,-5.071969,33.33333333333334,50,50,30,16.66666666666667,20,36.6666666666667,20,saving_for_future,immediate_consumption,saving_for_future,immediate_consumption,immediate_consumption,saving_for_future,friends_or_gifts,2,2,2,3,2,2,2,saving_for_future,friends_or_gifts,family_support,saving_for_future,saving_for_future,immediate_consumption,saving_for_future,2,2,2,2,3,2,2
S2_28293B64,goodbye_grandma_erma,female,13,-4.342346,-4.342346,43.33333333333334,70,23.33333333333333,30,33.33333333333334,0,61.3333333333333,60,immediate_consumption,friends_or_gifts,friends_or_gifts,immediate_consumption,immediate_consumption,saving_for_future,immediate_consumption,2,2,2,2,2,2,3,immediate_consumption,immediate_consumption,friends_or_gifts,immediate_consumption,friends_or_gifts,immediate_consumption,immediate_consumption,2,3,3,3,3,3,3
S2_62EB8F08,fall_of_freddie_leaf,female,12,-9.902488,-9.902488,33.33333333333334,50,33.33333333333334,25,33.33333333333334,25,33.3333333333333,31.6666666666667,saving_for_future,saving_for_future,saving_for_future,saving_for_future,saving_for_future,saving_for_future,saving_for_future,3,3,3,3,3,3,3,immediate_consumption,immediate_consumption,immediate_consumption,immediate_consumption,immediate_consumption,immediate_consumption,saving_for_future,3,3,3,3,3,3,1
S2_217BBB51,goodbye_grandma_erma,male,13,-4.337269,-2.280062,7,0,33.33333333333334,0,59.66666666666666,100,32.6666666666667,50,saving_for_future,saving_for_future,saving_for_future,saving_for_future,saving_for_future,saving_for_future,saving_for_future,3,3,3,3,3,3,3,saving_for_future,saving_for_future,saving_for_future,saving_for_future,saving_for_future,saving_for_future,saving_for_future,3,3,3,3,3,3,3
S2_3FB7D604,badgers_parting_gifts,female,11,-7.825303,-5.071969,33.33333333333334,25,33.33333333333334,25,33.33333333333334,50,50,51.3333333333333,friends_or_gifts,learning_or_education,family_support,friends_or_gifts,learning_or_education,saving_for_future,family_support,3,3,2,3,3,2,3,friends_or_gifts,friends_or_gifts,learning_or_education,learning_or_education,friends_or_gifts,family_support,friends_or_gifts,3,3,3,3,3,2,3
S2_0D9452DD,goodbye_grandma_erma,male,12,-5.071969,-1.540445,50,50,16.66666666666667,40,33.33333333333334,10,48.6666666666667,42.6666666666667,friends_or_gifts,friends_or_gifts,saving_for_future,saving_for_future,saving_for_future,saving_for_future,saving_for_future,2,3,3,3,3,3,3,saving_for_future,friends_or_gifts,family_support,family_support,family_support,family_support,saving_for_future,3,3,3,3,3,3,3
S2_1B00EC3D,badgers_parting_gifts,male,13,-4.342346,-4.342346,33.33333333333334,50,33.33333333333334,40,33.33333333333334,10,81.6666666666667,54,saving_for_future,saving_for_future,saving_for_future,saving_for_future,saving_for_future,saving_for_future,saving_for_future,3,3,3,3,3,3,3,saving_for_future,saving_for_future,saving_for_future,saving_for_future,saving_for_future,saving_for_future,saving_for_future,3,3,3,3,3,3,3
S2_B7A64593,badgers_parting_gifts,male,13,-5.071969,-2.280062,16.66666666666667,30,50,35,33.33333333333334,35,50,50,saving_for_future,saving_for_future,saving_for_future,saving_for_future,saving_for_future,saving_for_future,saving_for_future,3,3,3,3,3,3,3,saving_for_future,saving_for_future,saving_for_future,saving_for_future,saving_for_future,saving_for_future,saving_for_future,3,3,3,3,3,3,3
S2_F6FA2F1D,goodbye_grandma_erma,male,13,-4.342346,-4.342346,33.33333333333334,40,16.66666666666667,20,50,40,23,35,immediate_consumption,saving_for_future,friends_or_gifts,saving_for_future,family_support,saving_for_future,friends_or_gifts,2,2,2,2,2,2,2,immediate_consumption,friends_or_gifts,family_support,saving_for_future,saving_for_future,saving_for_future,immediate_consumption,3,2,2,2,1,2,3
S2_E6FF90DA,goodbye_grandma_erma,female,13,-9.902488,-7.825303,10,0,33.33333333333334,40,56.66666666666666,60,100,100,saving_for_future,saving_for_future,family_support,family_support,family_support,friends_or_gifts,saving_for_future,3,3,3,3,3,3,3,saving_for_future,saving_for_future,saving_for_future,saving_for_future,family_support,family_support,family_support,3,3,3,3,3,3,3
S2_340D9F23,badgers_parting_gifts,female,12,-9.902488,-9.902488,16.66666666666667,30,33.33333333333334,30,50,40,60,39.6666666666667,saving_for_future,saving_for_future,saving_for_future,saving_for_future,saving_for_future,friends_or_gifts,saving_for_future,2,2,2,2,2,2,2,saving_for_future,saving_for_future,saving_for_future,saving_for_future,saving_for_future,saving_for_future,saving_for_future,2,2,2,2,2,2,2
S2_F9F1D307,goodbye_grandma_erma,female,12,-7.825303,-9.902488,0,0,0,0,100,100,63.6666666666667,36.6666666666667,saving_for_future,saving_for_future,saving_for_future,friends_or_gifts,family_support,learning_or_education,learning_or_education,2,3,3,2,2,2,2,saving_for_future,saving_for_future,saving_for_future,saving_for_future,saving_for_future,saving_for_future,saving_for_future,3,3,3,3,3,3,3
S2_1868D411,goodbye_grandma_erma,female,11,-5.071969,-5.071969,0,10,33.33333333333334,20,66.66666666666667,70,5.33333333333333,13,family_support,saving_for_future,saving_for_future,family_support,family_support,saving_for_future,friends_or_gifts,3,3,3,3,3,3,2,friends_or_gifts,family_support,learning_or_education,family_support,saving_for_future,family_support,saving_for_future,3,3,2,3,3,3,3
S2_6B2ED5E7,goodbye_grandma_erma,female,11,-9.902488,-9.902488,16.66666666666667,20,33.33333333333334,30,50,50,55.3333333333333,44.6666666666667,saving_for_future,saving_for_future,saving_for_future,saving_for_future,learning_or_education,saving_for_future,saving_for_future,3,3,3,2,3,3,3,saving_for_future,saving_for_future,saving_for_future,learning_or_education,learning_or_education,saving_for_future,saving_for_future,3,3,3,3,2,3,3
S2_53319A54,badgers_parting_gifts,male,11,-7.825303,-9.902488,40,13.5,33.33333333333334,56,26.66666666666667,30.5,51,54,saving_for_future,family_support,family_support,friends_or_gifts,family_support,friends_or_gifts,friends_or_gifts,3,2,2,2,1,1,2,saving_for_future,saving_for_future,saving_for_future,saving_for_future,saving_for_future,saving_for_future,saving_for_future,3,3,3,3,3,3,3
S2_3829BFFB,fall_of_freddie_leaf,female,12,-4.342346,-4.337269,16.66666666666667,25,16.66666666666667,50,66.66666666666667,25,8.33333333333333,14.6666666666667,saving_for_future,learning_or_education,family_support,friends_or_gifts,saving_for_future,saving_for_future,saving_for_future,2,2,2,2,2,3,2,saving_for_future,family_support,saving_for_future,family_support,friends_or_gifts,learning_or_education,saving_for_future,2,2,2,1,2,2,2
S2_1D7E81F7,badgers_parting_gifts,male,12,-2.280062,-4.337269,16.66666666666667,0,0,0,83.33333333333333,100,22.3333333333333,47.3333333333333,learning_or_education,learning_or_education,learning_or_education,immediate_consumption,learning_or_education,immediate_consumption,learning_or_education,3,3,2,2,2,3,3,learning_or_education,learning_or_education,learning_or_education,learning_or_education,learning_or_education,learning_or_education,learning_or_education,3,3,3,3,3,2,2
S2_5D4B32A0,fall_of_freddie_leaf,male,14,-2.956211,-4.337269,50,40,50,30,0,30,50,51.6666666666667,friends_or_gifts,friends_or_gifts,family_support,family_support,saving_for_future,saving_for_future,family_support,2,2,2,3,2,2,2,friends_or_gifts,family_support,immediate_consumption,immediate_consumption,saving_for_future,saving_for_future,saving_for_future,2,2,3,2,2,2,2
S2_F6265EF8,goodbye_grandma_erma,male,15,-6.451207,-3.654383,33.33333333333334,50,33.33333333333334,25,33.33333333333334,25,55.3333333333333,52.3333333333333,learning_or_education,learning_or_education,saving_for_future,saving_for_future,saving_for_future,friends_or_gifts,immediate_consumption,3,3,3,3,3,2,3,friends_or_gifts,family_support,learning_or_education,saving_for_future,learning_or_education,immediate_consumption,saving_for_future,2,2,3,2,2,2,3
S2_AB8F31D5,badgers_parting_gifts,female,12,-7.825303,-2.280062,6.666666666666667,20,33.33333333333334,50,60,30,47,48.3333333333333,saving_for_future,saving_for_future,family_support,family_support,saving_for_future,saving_for_future,saving_for_future,3,2,2,3,2,3,2,saving_for_future,saving_for_future,saving_for_future,saving_for_future,friends_or_gifts,saving_for_future,saving_for_future,3,3,3,3,3,3,3
S2_70504B61,goodbye_grandma_erma,female,12,-3.654383,-4.342346,16.66666666666667,45,33.33333333333334,30,50,25,55,56,family_support,family_support,family_support,saving_for_future,saving_for_future,saving_for_future,immediate_consumption,2,2,2,2,2,2,1,family_support,family_support,saving_for_future,saving_for_future,saving_for_future,saving_for_future,saving_for_future,2,2,2,2,2,2,3
S2_16F88C16,fall_of_freddie_leaf,female,15,-5.071969,-5.071969,33.33333333333334,0,33.33333333333334,100,33.33333333333334,0,73,47.3333333333333,saving_for_future,saving_for_future,saving_for_future,saving_for_future,saving_for_future,saving_for_future,saving_for_future,3,3,3,3,3,3,3,saving_for_future,saving_for_future,saving_for_future,saving_for_future,saving_for_future,saving_for_future,saving_for_future,3,3,3,3,3,3,3
S2_14386AB6,goodbye_grandma_erma,female,12,-4.337269,-4.337269,16.66666666666667,20,40,20,43.33333333333334,60,59.6666666666667,54.6666666666667,saving_for_future,saving_for_future,saving_for_future,saving_for_future,saving_for_future,saving_for_future,saving_for_future,2,2,2,2,2,2,2,saving_for_future,saving_for_future,saving_for_future,saving_for_future,saving_for_future,saving_for_future,saving_for_future,2,2,2,2,2,2,2
S2_EB36FC47,goodbye_grandma_erma,female,12,-5.071969,-2.280062,10,10,33.33333333333334,20,56.66666666666666,70,61.6666666666667,75.3333333333333,saving_for_future,saving_for_future,saving_for_future,saving_for_future,saving_for_future,saving_for_future,saving_for_future,3,3,3,3,3,3,3,saving_for_future,saving_for_future,saving_for_future,saving_for_future,saving_for_future,saving_for_future,saving_for_future,3,3,3,3,3,3,3
S2_60946B4D,badgers_parting_gifts,male,14,-7.825303,-4.342346,33.33333333333334,49,63.33333333333334,51,3.333333333333333,0,45,51.6666666666667,saving_for_future,saving_for_future,saving_for_future,saving_for_future,saving_for_future,saving_for_future,saving_for_future,2,2,2,2,2,3,3,saving_for_future,saving_for_future,saving_for_future,saving_for_future,saving_for_future,saving_for_future,saving_for_future,3,2,2,1,3,3,3
S2_D66A6CB4,badgers_parting_gifts,female,14,-9.902488,-9.902488,33.33333333333334,100,33.33333333333334,0,33.33333333333334,0,13,8.66666666666667,immediate_consumption,immediate_consumption,immediate_consumption,saving_for_future,immediate_consumption,saving_for_future,saving_for_future,3,2,2,3,3,2,1,immediate_consumption,saving_for_future,immediate_consumption,immediate_consumption,immediate_consumption,immediate_consumption,immediate_consumption,3,3,3,3,3,3,3
S2_7EAD7F1E,fall_of_freddie_leaf,female,14,-3.654383,-4.337269,66.66666666666667,80,33.33333333333334,20,0,0,50.3333333333333,45,saving_for_future,saving_for_future,saving_for_future,saving_for_future,saving_for_future,immediate_consumption,immediate_consumption,2,2,2,2,2,3,3,saving_for_future,saving_for_future,saving_for_future,saving_for_future,saving_for_future,saving_for_future,saving_for_future,2,2,2,2,2,2,2
S2_9FB3C781,badgers_parting_gifts,male,14,-3.654383,-4.337269,40,40,26.66666666666667,40,33.33333333333334,20,64.6666666666667,47.3333333333333,family_support,family_support,family_support,immediate_consumption,saving_for_future,friends_or_gifts,saving_for_future,2,3,3,3,3,2,2,family_support,saving_for_future,saving_for_future,immediate_consumption,friends_or_gifts,learning_or_education,family_support,3,3,2,2,3,2,3
S2_76B0DDB1,goodbye_grandma_erma,female,12,-7.825303,-9.902488,28.33333333333333,20,30,10,41.66666666666666,70,52.6666666666667,42,saving_for_future,saving_for_future,saving_for_future,family_support,saving_for_future,saving_for_future,friends_or_gifts,3,3,3,3,3,3,2,saving_for_future,saving_for_future,family_support,saving_for_future,learning_or_education,family_support,saving_for_future,3,3,3,3,2,3,3
S2_5D6C11E3,goodbye_grandma_erma,female,12,-7.825303,-5.07181,6.666666666666667,30,30,50,63.33333333333334,20,65,53.6666666666667,saving_for_future,immediate_consumption,saving_for_future,immediate_consumption,immediate_consumption,saving_for_future,immediate_consumption,2,2,2,3,3,2,2,immediate_consumption,saving_for_future,friends_or_gifts,immediate_consumption,immediate_consumption,friends_or_gifts,immediate_consumption,3,2,2,3,3,2,2
S2_71DD984A,badgers_parting_gifts,female,12,-2.956211,-9.902488,26.66666666666667,40,33.33333333333334,20,40,40,75.3333333333333,70,saving_for_future,family_support,learning_or_education,family_support,friends_or_gifts,friends_or_gifts,learning_or_education,3,3,2,3,2,3,3,family_support,family_support,friends_or_gifts,family_support,family_support,family_support,learning_or_education,3,3,3,3,3,3,3
S2_AB7F2C76,goodbye_grandma_erma,female,13,-1.540445,-1.540445,0,0,0,0,100,100,22.6666666666667,54.6666666666667,saving_for_future,saving_for_future,saving_for_future,saving_for_future,saving_for_future,saving_for_future,saving_for_future,2,2,2,2,2,2,2,saving_for_future,saving_for_future,saving_for_future,saving_for_future,saving_for_future,saving_for_future,saving_for_future,2,2,2,2,2,2,2
S2_AF74DC21,badgers_parting_gifts,female,12,-9.902488,-9.902488,33.33333333333334,0,33.33333333333334,0,33.33333333333334,100,52.6666666666667,34.3333333333333,saving_for_future,saving_for_future,saving_for_future,saving_for_future,saving_for_future,immediate_consumption,saving_for_future,2,3,3,3,3,2,3,saving_for_future,saving_for_future,saving_for_future,saving_for_future,saving_for_future,saving_for_future,saving_for_future,3,3,3,3,3,3,3
S2_72B160A1,fall_of_freddie_leaf,male,13,-4.342346,-2.273165,33.33333333333334,50,50,30,16.66666666666667,20,60,56.6666666666667,saving_for_future,saving_for_future,saving_for_future,saving_for_future,saving_for_future,saving_for_future,immediate_consumption,2,2,2,2,2,2,2,saving_for_future,saving_for_future,saving_for_future,saving_for_future,saving_for_future,saving_for_future,saving_for_future,2,2,2,2,2,2,2
S2_F68D1044,badgers_parting_gifts,male,13,-2.280062,-2.280062,10,30,23.33333333333333,30,66.66666666666667,40,37.6666666666667,47,saving_for_future,learning_or_education,learning_or_education,immediate_consumption,family_support,saving_for_future,learning_or_education,2,2,2,2,3,3,3,saving_for_future,learning_or_education,family_support,immediate_consumption,learning_or_education,friends_or_gifts,saving_for_future,2,2,2,3,3,3,3
S2_12CF5231,badgers_parting_gifts,male,14,-9.902488,-9.902488,33.33333333333334,20,16.66666666666667,30,50,50,68.6666666666667,73,saving_for_future,saving_for_future,saving_for_future,friends_or_gifts,friends_or_gifts,friends_or_gifts,family_support,3,3,3,3,3,3,2,saving_for_future,friends_or_gifts,family_support,learning_or_education,saving_for_future,saving_for_future,family_support,3,3,3,3,3,3,3
S2_B1A7CB28,fall_of_freddie_leaf,female,13,-9.902488,-9.902488,33.33333333333334,50,0,0,66.66666666666667,50,50,31.6666666666667,saving_for_future,saving_for_future,saving_for_future,saving_for_future,saving_for_future,immediate_consumption,immediate_consumption,2,2,2,2,2,1,2,saving_for_future,learning_or_education,friends_or_gifts,family_support,immediate_consumption,family_support,family_support,2,2,2,3,3,3,3
S2_67E3DE52,badgers_parting_gifts,female,12,-2.956211,-2.280062,16.66666666666667,10,30,20,53.33333333333334,70,50,50.3333333333333,saving_for_future,saving_for_future,friends_or_gifts,learning_or_education,friends_or_gifts,saving_for_future,saving_for_future,2,3,2,2,1,3,3,saving_for_future,saving_for_future,saving_for_future,learning_or_education,friends_or_gifts,saving_for_future,saving_for_future,3,3,3,3,3,2,2
S2_D917747A,goodbye_grandma_erma,male,13,-2.280062,-5.07181,33.33333333333334,10,33.33333333333334,30,33.33333333333334,60,53.6666666666667,30.6666666666667,friends_or_gifts,friends_or_gifts,friends_or_gifts,friends_or_gifts,saving_for_future,saving_for_future,saving_for_future,3,3,3,2,3,3,3,saving_for_future,saving_for_future,saving_for_future,friends_or_gifts,immediate_consumption,friends_or_gifts,immediate_consumption,2,2,2,3,1,3,2
S2_C0C1048A,fall_of_freddie_leaf,female,12,-9.902488,-9.902488,16.66666666666667,20,33.33333333333334,30,50,50,79.3333333333333,57,saving_for_future,saving_for_future,saving_for_future,saving_for_future,saving_for_future,saving_for_future,saving_for_future,3,2,3,3,3,3,3,saving_for_future,saving_for_future,saving_for_future,saving_for_future,saving_for_future,saving_for_future,saving_for_future,3,3,3,3,3,3,3
S2_48323CA1,goodbye_grandma_erma,male,13,-4.342346,-1.540445,3.333333333333333,10,13.33333333333333,30,83.33333333333333,60,67.3333333333333,67.3333333333333,saving_for_future,saving_for_future,saving_for_future,saving_for_future,saving_for_future,saving_for_future,saving_for_future,2,2,2,2,2,2,2,saving_for_future,saving_for_future,saving_for_future,saving_for_future,saving_for_future,saving_for_future,saving_for_future,2,2,2,2,2,2,2
S2_FDE78924,badgers_parting_gifts,female,12,-2.280062,-4.342346,16.66666666666667,50,50,30,33.33333333333334,20,50.3333333333333,50,saving_for_future,saving_for_future,saving_for_future,learning_or_education,family_support,friends_or_gifts,saving_for_future,2,2,2,2,2,2,2,saving_for_future,saving_for_future,saving_for_future,learning_or_education,learning_or_education,saving_for_future,friends_or_gifts,2,2,2,2,2,2,2
S2_7ADE280C,goodbye_grandma_erma,female,13,-4.337269,-4.342346,33.33333333333334,50,33.33333333333334,30,33.33333333333334,20,67,68.3333333333333,saving_for_future,saving_for_future,learning_or_education,learning_or_education,saving_for_future,immediate_consumption,family_support,2,2,2,2,3,2,2,immediate_consumption,learning_or_education,friends_or_gifts,saving_for_future,saving_for_future,immediate_consumption,learning_or_education,2,2,2,2,2,2,3
S2_9BB0AC45,badgers_parting_gifts,male,13,-2.280062,-4.342346,63.66666666666666,48,26,32,10.33333333333333,20,54.6666666666667,70.3333333333333,friends_or_gifts,friends_or_gifts,immediate_consumption,immediate_consumption,friends_or_gifts,friends_or_gifts,friends_or_gifts,2,3,2,2,3,3,3,immediate_consumption,friends_or_gifts,immediate_consumption,immediate_consumption,immediate_consumption,friends_or_gifts,immediate_consumption,3,3,2,2,2,2,2
S2_B632D579,goodbye_grandma_erma,female,12,-5.071969,-5.071969,33.33333333333334,20,33.33333333333334,20,33.33333333333334,60,52.6666666666667,53.6666666666667,saving_for_future,saving_for_future,immediate_consumption,immediate_consumption,friends_or_gifts,saving_for_future,saving_for_future,2,2,2,3,2,2,2,saving_for_future,saving_for_future,saving_for_future,saving_for_future,saving_for_future,saving_for_future,saving_for_future,2,2,2,2,2,2,2
S2_4D3A89F8,badgers_parting_gifts,male,14,-4.342346,-2.956211,17.33333333333333,10,33.33333333333334,30,49.33333333333334,60,33.3333333333333,42.3333333333333,saving_for_future,saving_for_future,saving_for_future,saving_for_future,saving_for_future,saving_for_future,saving_for_future,3,3,3,3,3,3,3,saving_for_future,saving_for_future,saving_for_future,saving_for_future,saving_for_future,saving_for_future,saving_for_future,3,3,3,3,3,3,3
S2_DAA8566F,goodbye_grandma_erma,female,14,-2.273165,-2.273165,33.33333333333334,50,50,50,16.66666666666667,0,59.3333333333333,56.6666666666667,saving_for_future,immediate_consumption,saving_for_future,friends_or_gifts,immediate_consumption,friends_or_gifts,saving_for_future,2,2,2,2,2,2,2,saving_for_future,immediate_consumption,saving_for_future,saving_for_future,immediate_consumption,saving_for_future,immediate_consumption,2,2,2,2,2,2,3
