participant_id,story_condition,gender,age_years,school_level,ses_hollingshead,ln_k_pre,ln_k_post,allocation_immediate_pre,allocation_immediate_post,allocation_short_pre,allocation_short_post,allocation_long_pre,allocation_long_post,subjective_time_pre,subjective_time_post
S1_D97B41C2,ant_and_grasshopper,male,,grade_4,52.45,-4.510355037782602,-7.981878878289828,0,0,33.33333333333333,0,66.66666666666666,100,16,20
S1_74AF4FCD,ant_and_grasshopper,female,10,grade_4,52,-7.981878878289828,-7.981878878289828,26.66666666666666,30,33.33333333333333,20,40,50,100,40
S1_FC7A901B,last_leaf_maple_valley,male,14,grade_8,55.5,-6.565166074925644,-5.196417130759268,50,50,16.66666666666666,20,33.33333333333333,30,58.33333333333334,41.66666666666666
S1_808F3964,last_leaf_maple_valley,female,14,grade_8,66,-3.827753274985775,-3.114494751207128,50,80,16.66666666666666,20,33.33333333333333,0,82,70
S1_F1D42670,last_leaf_maple_valley,female,14,grade_8,48.5,-7.269602145714807,0.3465735900161546,50,40,33.33333333333333,30,16.66666666666666,30,66.66666666666667,53.33333333333334
S1_4ED027CF,last_leaf_maple_valley,male,14,grade_8,49.5,-5.890288333444447,-7.981878878289828,33.33333333333333,50,50,0,16.66666666666666,50,33.66666666666666,40
S1_826AA50D,last_leaf_maple_valley,male,14,grade_8,48,-7.981878878289828,-7.277516909858038,33.33333333333333,25,33.33333333333333,25,33.33333333333333,50,40.33333333333334,30
S1_285B0FD4,last_leaf_maple_valley,male,14,grade_8,52,0.3465735900161546,0.3465735900161546,0,0,0,0,100,100,2,0
S1_B2C61CD3,ant_and_grasshopper,female,14,grade_8,69.5,-5.189860888331914,-5.196417130759268,33.33333333333333,30,0,0,66.66666666666666,70,18,10.33333333333333
S1_DB6540FE,ant_and_grasshopper,female,15,grade_8,59,-6.565166074925644,-5.196417130759268,33.33333333333333,50,33.33333333333333,30,33.33333333333333,20,70,48.66666666666666
S1_E0D4B16C,last_leaf_maple_valley,male,14,grade_8,53,-5.890288333444447,-4.503487716055282,33.33333333333333,60,16.66666666666666,20,50,20,53.33333333333334,49
S1_36A8E17F,ant_and_grasshopper,male,10,grade_4,64,-4.872443148424855,-1.732008995014391,20,20,13.33333333333333,20,66.66666666666666,60,40,66.66666666666667
S1_EB2E5C3D,ant_and_grasshopper,female,11,grade_4,69.5,-7.981878878289828,-7.981878878289828,10,30,40,20,50,50,39,49
S1_C5D6DBF8,last_leaf_maple_valley,female,14,grade_8,30,-3.825825722222956,-3.114494751207128,50,100,16.66666666666666,0,33.33333333333333,0,63.66666666666666,60
S1_FCFBBFE0,ant_and_grasshopper,male,14,grade_8,52,-7.269602145714807,-7.277516909858038,59.33333333333334,45,30.33333333333333,45,10.33333333333333,10,12.33333333333333,46
S1_BF05D736,ant_and_grasshopper,male,,grade_8,52.45,-7.981878878289828,-7.981878878289828,26.66666666666666,30,33.33333333333333,50,40,20,23.66666666666667,30
S1_D1B52E4D,last_leaf_maple_valley,male,14,grade_8,60.5,-6.565166074925644,-6.575336962689026,33.33333333333333,50,33.33333333333333,30,33.33333333333333,20,69.33333333333333,49.66666666666666
S1_0BC83859,ant_and_grasshopper,male,15,grade_8,47.5,-5.890288333444447,-6.575336962689026,33.33333333333333,90,50,10,16.66666666666666,0,42,53.66666666666666
S1_CB9C8693,last_leaf_maple_valley,female,14,grade_8,48,-5.890288333444447,-5.196417130759268,2,6,33.33333333333333,0,64.66666666666666,94,50,49.66666666666666
S1_F45526F4,last_leaf_maple_valley,female,13,grade_8,59,-6.917383481724136,-5.196417130759268,33.33333333333333,30,33.33333333333333,30,33.33333333333333,40,47,49.33333333333334
S1_D580C5A2,ant_and_grasshopper,male,10,grade_4,59,-7.981878878289828,-7.981878878289828,16.66666666666666,20,33.33333333333333,50,50,30,38.66666666666666,35
S1_5D3D5EC2,last_leaf_maple_valley,male,10,grade_4,73,-7.981878878289828,-7.277516909858038,8.33333333333333,10,8.33333333333333,20,83.33333333333334,70,62,42
S1_65973031,last_leaf_maple_valley,female,10,grade_4,55.5,-7.981878878289828,-7.981878878289828,6.66666666666666,0,26.66666666666666,0,66.66666666666666,100,52.66666666666666,53
S1_F8AEA4DB,last_leaf_maple_valley,male,10,grade_4,44,-5.879061289877479,-4.503004919706848,25,25,25,25,50,50,45,46.66666666666666
S1_E634230C,ant_and_grasshopper,male,15,grade_8,58.5,-7.981878878289828,-4.503004919706848,0.33333333333333,3,0.33333333333333,5,99.33333333333331,92,69.33333333333333,34.33333333333334
S1_47ABD64E,ant_and_grasshopper,male,10,grade_4,52,-7.981878878289828,-7.981878878289828,16.66666666666666,20,16.66666666666666,50,66.66666666666666,30,10,7.333333333333333
S1_AD1DCE63,ant_and_grasshopper,male,10,grade_4,50,-7.981878878289828,-7.981878878289828,33.33333333333333,25,33.33333333333333,25,33.33333333333333,50,97.33333333333331,100
S1_C6CFB675,ant_and_grasshopper,male,15,grade_8,71,-5.890288333444447,-5.196417130759268,16.66666666666666,50,33.33333333333333,0,50,50,66.66666666666667,55
S1_B897A7AC,ant_and_grasshopper,male,,grade_8,52.45,-3.129529941626674,-5.196417130759268,66.66666666666666,50,33.33333333333333,50,0,0,17.66666666666667,39
S1_DA4EBB73,ant_and_grasshopper,male,9,grade_4,52,0.3465735886019411,0.3465735900161546,19.96666666666666,39.89999999999999,13.3,50,66.73333333333333,10.09999999999999,28.33333333333333,29.66666666666667
S1_DA2ED3FA,ant_and_grasshopper,male,10,grade_4,62.5,-7.981878878289828,-7.981878878289828,16.66666666666666,10,33.33333333333333,80,50,10,6,6
S1_A1A0092C,ant_and_grasshopper,male,10,grade_4,51.5,-7.269602145714807,-7.981878878289828,23.33333333333333,42,63.33333333333333,50,13.33333333333333,8,7,6
S1_32FCB87E,last_leaf_maple_valley,male,14,grade_8,59,-4.16800694751055,-1.034981397739749,33.33333333333333,25,33.33333333333333,50,33.33333333333333,25,79.33333333333333,53
S1_991E8DB7,last_leaf_maple_valley,male,10,grade_4,57,-3.827753274985775,-2.427037096867398,33.33333333333333,40,30,30,36.66666666666666,30,82.33333333333333,58.66666666666666
S1_E10F5897,last_leaf_maple_valley,male,15,grade_8,37,-7.981878878289828,-7.981878878289828,16.66666666666666,30,33.33333333333333,20,50,50,32.33333333333334,52.66666666666666
S1_95484E91,last_leaf_maple_valley,female,16,grade_8,52,-7.981878878289828,-5.196417130759268,16.66666666666666,20,33.33333333333333,30,50,50,45,41.66666666666666
S1_DEC005FD,last_leaf_maple_valley,female,14,grade_8,59,-7.981878878289828,-7.981878878289828,5.33333333333333,26,41.33333333333333,56.00000000000001,53.33333333333334,18,63.33333333333334,48
S1_2430C81F,last_leaf_maple_valley,male,14,grade_8,27,-7.269602145714807,-5.196417130759268,0,20,16.66666666666666,20,83.33333333333334,60,45.66666666666666,29.33333333333333
S1_6C49F8C0,ant_and_grasshopper,female,10,grade_4,57,-7.981878878289828,-7.981878878289828,13.33333333333333,20,20,30,66.66666666666666,50,15,10
S1_62C2C0AB,last_leaf_maple_valley,female,14,grade_8,65,-3.827753274985775,-3.114494751207128,13.33333333333333,40,53.33333333333334,60,33.33333333333333,0,46,25.33333333333333
S1_92B36F52,ant_and_grasshopper,female,10,grade_4,23,-7.981878878289828,-7.981878878289828,16.66666666666666,20,33.33333333333333,50,50,30,6,6
S1_3A0EC772,last_leaf_maple_valley,male,10,grade_4,52,-5.907494423377738,-1.732008995014391,16.66666666666666,0,33.33333333333333,20,50,80,64.66666666666667,41
S1_BF2A6FDF,ant_and_grasshopper,male,10,grade_4,77,-7.981878878289828,-7.981878878289828,3.33333333333333,1,30,5,66.66666666666666,94,42.33333333333334,38
S1_4E8F40E9,ant_and_grasshopper,female,13,grade_8,52,-3.817628426476565,-2.429036590186741,76.66666666666667,80,16.66666666666666,10,6.66666666666666,10,52,80
S1_A1F2EC20,ant_and_grasshopper,female,14,grade_8,69.5,-5.890288333444447,-5.196417130759268,16.66666666666666,25,16.66666666666666,25,66.66666666666666,50,61.66666666666666,58.33333333333334
S1_042EFF23,last_leaf_maple_valley,male,10,grade_4,44,-3.129529941626674,-4.503487716055282,16.66666666666666,50,33.33333333333333,20,50,30,48.33333333333334,60.66666666666666
S1_8143BA63,last_leaf_maple_valley,male,14,grade_8,61,-6.565166074925644,-5.196417130759268,16.66666666666666,20,33.33333333333333,40,50,40,44.66666666666666,53
S1_AD21B28A,last_leaf_maple_valley,male,14,grade_8,30,-7.269602145714807,-7.981878878289828,50,50,16.66666666666666,20,33.33333333333333,30,43.66666666666666,46
S1_DA5713AC,ant_and_grasshopper,female,14,grade_8,52,-7.269602145714807,-5.196417130759268,23.33333333333333,30,26.66666666666666,20,50,50,39,38.33333333333334
S1_7EEB5BED,ant_and_grasshopper,female,10,grade_4,63,-5.907494423377738,-5.886103951450159,16.66666666666666,20,50,50,33.33333333333333,30,53.33333333333334,50.33333333333334
S1_FA4235EE,last_leaf_maple_valley,male,11,grade_4,55.5,-7.981878878289828,-7.981878878289828,33.33333333333333,20,33.33333333333333,50,33.33333333333333,30,67,49.66666666666666
S1_F1324642,last_leaf_maple_valley,male,14,grade_8,57.5,-6.565166074925644,-7.277516909858038,33.33333333333333,10,16.66666666666666,10,50,80,51.66666666666666,46.66666666666666
S1_2208DCB0,ant_and_grasshopper,female,14,grade_8,34,-5.192956770890214,-3.809592824009038,33.33333333333333,25,16.66666666666666,25,50,50,63.33333333333334,35
S1_2DD9BAAC,ant_and_grasshopper,female,10,grade_4,52,-7.981878878289828,-7.981878878289828,3.33333333333333,10,30,20,66.66666666666666,70,51,52.66666666666666
S1_E825EEE3,last_leaf_maple_valley,female,,grade_8,52.45,-5.203058278957988,-3.114494751207128,23.33333333333333,50,33.33333333333333,50,43.33333333333333,0,49.66666666666666,54
S1_F527355E,ant_and_grasshopper,female,14,grade_8,43.5,-5.192956770890214,-2.429036590186741,26.66666666666666,30,23.33333333333333,30,50,40,10,8.666666666666666
S1_930ADD8C,last_leaf_maple_valley,female,15,grade_8,50,-4.872443148424855,-5.886103951450159,50,65,16.66666666666666,15,33.33333333333333,20,65.33333333333333,64
S1_8FA7A26F,last_leaf_maple_valley,male,10,grade_4,71,-0.3386994119359323,-0.6931471805599453,30,50,50,40,20,10,8,13.33333333333333
S1_436B1C9D,last_leaf_maple_valley,female,10,grade_4,62.5,-7.981878878289828,0.3465735900161546,0,30,16.66666666666666,50,83.33333333333334,20,62,7
S1_6DA9D63C,ant_and_grasshopper,female,11,grade_4,59,-7.981878878289828,-7.981878878289828,16.66666666666666,10,26.66666666666666,10,56.66666666666666,80,38.33333333333334,26.33333333333333
S1_92B5A9DD,last_leaf_maple_valley,male,10,grade_4,52,-7.981878878289828,-7.981878878289828,50,40,16.66666666666666,10,33.33333333333333,50,60,45
S1_A147E898,ant_and_grasshopper,female,10,grade_4,62.5,-7.269602145714807,-6.575336962689026,16.66666666666666,20,33.33333333333333,30,50,50,32.33333333333334,43.33333333333334
S1_54AC4F61,last_leaf_maple_valley,female,10,grade_4,63,-7.981878878289828,-7.981878878289828,6.66666666666666,10,26.66666666666666,10,66.66666666666666,80,29,48
S1_078E98FA,last_leaf_maple_valley,male,11,grade_4,52,-7.981878878289828,-7.981878878289828,16.66666666666666,10,16.66666666666666,10,66.66666666666666,80,69.33333333333333,56.66666666666666
S1_4B68A503,last_leaf_maple_valley,female,10,grade_4,67,-7.269602145714807,-7.981878878289828,6.66666666666666,10,83.33333333333334,30,10,60,47.33333333333334,31
S1_998D7234,ant_and_grasshopper,female,14,grade_8,48,-6.565166074925644,-6.581810403950024,26.66666666666666,20,33.33333333333333,20,40,60,12.33333333333333,13.33333333333333
S1_1B51CBBF,last_leaf_maple_valley,male,13,grade_8,52,-9.210340371976182,-7.981878878289828,1.66666666666666,10,31.66666666666666,10,66.66666666666666,80,66.66666666666667,46.66666666666666
S1_C6536FDE,last_leaf_maple_valley,female,10,grade_4,52,-7.269602145714807,-6.575336962689026,16.66666666666666,20,50,0,33.33333333333333,80,55,33.33333333333334
S1_8C1649FC,last_leaf_maple_valley,male,10,grade_4,78,-5.890288333444447,-5.196417130759268,13.33333333333333,20,20,20,66.66666666666666,60,20,36.66666666666666
S1_48F0DBCB,last_leaf_maple_valley,female,10,grade_4,80.5,-7.981878878289828,-7.981878878289828,20,20,30,20,50,60,34.66666666666666,10
S1_CDE45E18,ant_and_grasshopper,male,14,grade_8,55,-7.981878878289828,-7.277516909858038,20,30,33.33333333333333,20,46.66666666666666,50,23.33333333333333,18.33333333333333
S1_6D1AA247,ant_and_grasshopper,female,9,grade_4,44,-4.136923474218398,-4.503004919706848,16.66666666666666,40,16.66666666666666,20,66.66666666666666,40,6.333333333333333,6
S1_DF44B9B7,last_leaf_maple_valley,male,14,grade_8,55.5,-6.565166074925644,-5.196417130759268,33.33333333333333,40,16.66666666666666,40,50,20,50,32
S1_333F8D0F,ant_and_grasshopper,female,,grade_8,52.45,-3.129529941626674,-1.034981397739749,16.66666666666666,50,50,30,33.33333333333333,20,28.66666666666667,30
S1_10DA49D5,last_leaf_maple_valley,female,,grade_8,52.45,-4.17014278049886,-3.809592824009038,33.33333333333333,50,33.33333333333333,30,33.33333333333333,20,52.33333333333334,54
S1_AF443106,last_leaf_maple_valley,female,10,grade_4,31,-7.981878878289828,-7.981878878289828,16.66666666666666,20,33.33333333333333,50,50,30,87,78.33333333333333
S1_89A0781B,ant_and_grasshopper,male,11,grade_4,52,-4.504834835349059,-3.80899121414539,16.66666666666666,25,16.66666666666666,25,66.66666666666666,50,61.66666666666666,50
S1_390CF4E3,ant_and_grasshopper,female,10,grade_4,52,-7.981878878289828,-7.981878878289828,6.66666666666666,15,16.66666666666666,25,76.66666666666667,60,55,53
S1_4741A9F5,last_leaf_maple_valley,female,10,grade_4,57.5,-7.981878878289828,-7.981878878289828,16.66666666666666,20,6.66666666666666,20,76.66666666666667,60,66.66666666666667,33.33333333333334
S1_6FB7489D,last_leaf_maple_valley,female,14,grade_8,68,-3.129529941626674,0.3465735900161546,66.66666666666666,70,33.33333333333333,30,0,0,73.33333333333333,50
S1_FCD604E0,ant_and_grasshopper,male,14,grade_8,59,-5.203058278957988,-4.503487716055282,50,50,25,25,25,25,16,15
S1_43EAAE53,last_leaf_maple_valley,male,13,grade_8,32.5,-4.490393709950342,-5.196417130759268,66.66666666666666,70,0,0,33.33333333333333,30,41.66666666666666,44.33333333333334
S1_EABA8375,ant_and_grasshopper,female,14,grade_8,46,-3.129529941626674,-1.739579462785862,66.66666666666666,100,16.66666666666666,0,16.66666666666666,0,66.66666666666667,38.66666666666666
S1_6AB58886,last_leaf_maple_valley,female,14,grade_8,23,-2.430062777767958,-1.739579462785862,50,30,50,50,0,20,65.66666666666667,58.33333333333334
S1_C94A5421,ant_and_grasshopper,male,14,grade_8,52.09999999999999,-7.269602145714807,-7.981878878289828,50,60,16.66666666666666,10,33.33333333333333,30,83.33333333333333,100
S1_402340D7,last_leaf_maple_valley,male,11,grade_4,52,-7.981878878289828,-7.277516909858038,33.33333333333333,20,16.66666666666666,30,50,50,50,38.33333333333334
S1_AD1D3902,ant_and_grasshopper,male,10,grade_4,52,-7.981878878289828,-7.981878878289828,30,20,3.33333333333333,0,66.66666666666666,80,76.66666666666667,71.66666666666667
S1_A605859F,last_leaf_maple_valley,female,10,grade_4,39,-7.981878878289828,-7.981878878289828,0,0,33.33333333333333,100,66.66666666666666,0,50,100
S1_F7D5BB81,last_leaf_maple_valley,male,10,grade_4,66,-6.565166074925644,-5.196417130759268,40,30,26.66666666666666,30,33.33333333333333,40,8,8.333333333333334
S1_3930E658,ant_and_grasshopper,male,14,grade_8,52,-7.981878878289828,-7.981878878289828,43.33333333333333,30,43.33333333333333,30,13.33333333333333,40,68.33333333333333,56.66666666666666
S1_23E2C202,ant_and_grasshopper,male,14,grade_8,50,-4.164525145902877,-5.196417130759268,33.33333333333333,25,33.33333333333333,25,33.33333333333333,50,6.666666666666667,6.333333333333333
S1_B9BA11FC,ant_and_grasshopper,female,14,grade_8,46.5,-3.129529941626674,-4.503487716055282,16.66666666666666,30,41.66666666666667,35,41.66666666666667,35,49,39.33333333333334
S1_0644E8E9,ant_and_grasshopper,female,14,grade_8,69.5,-7.981878878289828,-7.981878878289828,50,50,26.66666666666666,20,23.33333333333333,30,56.66666666666666,32.33333333333334
S1_B67EC7F2,last_leaf_maple_valley,male,10,grade_4,59,-7.981878878289828,-7.981878878289828,33.33333333333333,98,33.33333333333333,1,33.33333333333333,1,25,25
S1_555B482A,last_leaf_maple_valley,male,10,grade_4,52,-7.981878878289828,-7.981878878289828,16.66666666666666,10,16.66666666666666,15,66.66666666666666,75,74.66666666666667,50
S1_37437B5C,ant_and_grasshopper,female,,grade_8,52.45,-7.981878878289828,-7.981878878289828,6.66666666666666,10,26.66666666666666,30,66.66666666666666,60,22.33333333333333,16.33333333333333
S1_A1274CFF,last_leaf_maple_valley,male,10,grade_4,66,-7.981878878289828,-7.277516909858038,50,45,23.33333333333333,45,26.66666666666666,10,9.666666666666666,6.666666666666667
S1_61AD5AC5,last_leaf_maple_valley,female,10,grade_4,49.5,-7.981878878289828,-7.277516909858038,16.66666666666666,10,16.66666666666666,30,66.66666666666666,60,24.33333333333333,31.66666666666667
S1_2CBDB219,ant_and_grasshopper,male,14,grade_8,58,-7.981878878289828,-7.277516909858038,0,0,33.33333333333333,30,66.66666666666666,70,50.66666666666666,43
S1_4552A9E1,last_leaf_maple_valley,male,10,grade_4,74.5,-3.12890804941765,-5.196417130759268,16.66666666666666,10,33.33333333333333,40,50,50,67.33333333333333,18.66666666666667
S1_8F5DF986,last_leaf_maple_valley,male,10,grade_4,59,-7.981878878289828,-7.981878878289828,6.66666666666666,20,26.66666666666666,30,66.66666666666666,50,68.33333333333333,70
S1_DE9989EB,ant_and_grasshopper,male,14,grade_8,50,-6.565166074925644,-5.196417130759268,66,100,22.66666666666666,0,11.33333333333333,0,66.66666666666667,100
S1_06C1675E,ant_and_grasshopper,female,13,grade_8,67.5,-6.565166074925644,-4.503004919706848,33.33333333333333,30,20,30,46.66666666666666,40,48.33333333333334,36.66666666666666
S1_812FE375,ant_and_grasshopper,male,14,grade_8,59.5,-7.981878878289828,-7.981878878289828,33.33333333333333,50,33.33333333333333,30,33.33333333333333,20,48,47.66666666666666
S1_8E9D6A13,ant_and_grasshopper,male,10,grade_4,52,-4.872443148424855,-5.196417130759268,16.66666666666666,20,33.33333333333333,20,50,60,10,10
S1_9C3066E3,ant_and_grasshopper,female,14,grade_8,73,-4.867474092277174,-5.196417130759268,40,60,33.33333333333333,25,26.66666666666666,15,71.66666666666667,81.66666666666667
S1_ED661061,ant_and_grasshopper,male,9,grade_4,71,-6.579945452939578,-7.981878878289828,16.66666666666666,20,16.66666666666666,0,66.66666666666666,80,60,58.33333333333334
S1_9D8D0865,ant_and_grasshopper,female,10,grade_4,59,-7.269602145714807,-7.981878878289828,16.66666666666666,10,26.66666666666666,20,56.66666666666666,70,8.666666666666666,13.33333333333333
S1_8F137BCF,last_leaf_maple_valley,male,10,grade_4,59,-7.981878878289828,-7.981878878289828,33.33333333333333,10,33.33333333333333,30,33.33333333333333,60,11.66666666666667,6.666666666666667
S1_25F3CC80,last_leaf_maple_valley,female,9,grade_4,51,-7.981878878289828,-7.981878878289828,6.66666666666666,20,16.66666666666666,10,76.66666666666667,70,76,68.66666666666667
S1_508ADF08,last_leaf_maple_valley,female,10,grade_4,27,-7.981878878289828,-7.981878878289828,3.33333333333333,10,10,10,86.66666666666667,80,31,32
S1_07493221,ant_and_grasshopper,female,10,grade_4,55.5,-7.981878878289828,-7.277516909858038,10,50,23.33333333333333,30,66.66666666666666,20,50,47
S1_94FD6652,ant_and_grasshopper,male,14,grade_8,62.5,-7.981878878289828,-7.981878878289828,25,25,50,50,25,25,83.33333333333333,49
S1_DEE0F337,ant_and_grasshopper,female,10,grade_4,70,-7.981878878289828,-7.981878878289828,30,20,26.66666666666666,50,43.33333333333333,30,51.66666666666666,53.33333333333334
S1_F153A427,ant_and_grasshopper,male,10,grade_4,59,-7.981878878289828,-7.981878878289828,6.66666666666666,10,13.33333333333333,40,80,50,40.33333333333334,53.33333333333334
S1_D956DCA0,ant_and_grasshopper,female,14,grade_8,55,-1.730954684818346,-1.739579462785862,33.33333333333333,50,66.66666666666666,50,0,0,80,67
S1_2C9B8627,ant_and_grasshopper,male,10,grade_4,61,-7.981878878289828,-7.981878878289828,33.33333333333333,30,16.66666666666666,50,50,20,39,32.33333333333334
S1_7192F05D,ant_and_grasshopper,male,14,grade_8,48,-5.525445094162555,-5.196417130759268,50,50,16.66666666666666,10,33.33333333333333,40,69.66666666666667,41
S1_83796084,ant_and_grasshopper,female,10,grade_4,52,-0.3386994119359323,0.3465735900161546,6.66666666666666,10,26.66666666666666,20,66.66666666666666,70,56.66666666666666,38.33333333333334
S1_6CAD71C7,last_leaf_maple_valley,male,11,grade_4,66,-7.981878878289828,-7.981878878289828,33.33333333333333,30,33.33333333333333,30,33.33333333333333,40,21,30.66666666666667
S1_5E44BF6D,ant_and_grasshopper,female,10,grade_4,44,-7.981878878289828,-7.981878878289828,33.33333333333333,20,33.33333333333333,80,33.33333333333333,0,49.66666666666666,51
S1_C5410FA2,ant_and_grasshopper,female,10,grade_4,52,-7.981878878289828,-6.575336962689026,16.66666666666666,0,30,10,53.33333333333334,90,54.66666666666666,27.33333333333333
S1_6AD72CC0,ant_and_grasshopper,female,14,grade_8,43.5,-4.872443148424855,0.3465735900161546,33.33333333333333,30,33.33333333333333,35,33.33333333333333,35,88.33333333333333,78.66666666666667
S1_08C30841,ant_and_grasshopper,male,14,grade_8,67.5,-7.981878878289828,-7.277516909858038,16.66666666666666,10,33.33333333333333,0,50,90,75,55
S1_E5BF0A8C,last_leaf_maple_valley,female,10,grade_4,59,-6.565166074925644,-5.196417130759268,18.33333333333333,10,10,15,71.66666666666667,75,61,40.33333333333334
S1_9FB83AA1,ant_and_grasshopper,female,10,grade_4,59,-7.981878878289828,-7.981878878289828,16.66666666666666,30,16.66666666666666,30,66.66666666666666,40,41.33333333333334,50.66666666666666
S1_78E7DB41,ant_and_grasshopper,female,14,grade_8,54.45,-7.981878878289828,-7.981878878289828,16.66666666666666,30,16.66666666666666,10,66.66666666666666,60,71,66
S1_B4C22810,ant_and_grasshopper,female,10,grade_4,55.5,-7.981878878289828,-7.981878878289828,3.33333333333333,10,30,40,66.66666666666666,50,81.66666666666667,75.66666666666667
S1_009C6EFF,ant_and_grasshopper,female,10,grade_4,52,-3.107598080589367,-3.114494751207128,16.66666666666666,30,50,50,33.33333333333333,20,25.33333333333333,35.66666666666666
S1_DEED569C,last_leaf_maple_valley,female,10,grade_4,63,-5.192956770890214,-7.981878878289828,33.33333333333333,40,33.33333333333333,40,33.33333333333333,20,12.33333333333333,13
S1_8E13F2AB,last_leaf_maple_valley,female,10,grade_4,43.5,-6.594724224031997,-3.809592824009038,16.66666666666666,30,33.33333333333333,30,50,40,10,37.66666666666666
S1_819DF72F,last_leaf_maple_valley,male,10,grade_4,59,-7.981878878289828,-7.981878878289828,33.33333333333333,20,33.33333333333333,30,33.33333333333333,50,11,11
S1_9583F49F,last_leaf_maple_valley,female,14,grade_8,27,-6.565166074925644,-5.196417130759268,43.33333333333333,68,23.33333333333333,25,33.33333333333333,7.000000000000001,57.33333333333334,60
S1_165A0437,ant_and_grasshopper,male,14,grade_8,44.45,-6.565166074925644,-6.575336962689026,8.33333333333333,10,6.66666666666666,0,85,90,59.33333333333334,54.66666666666666
S1_0613579B,last_leaf_maple_valley,female,10,grade_4,59,-7.981878878289828,-7.981878878289828,6.66666666666666,20,26.66666666666666,30,66.66666666666666,50,24,15.66666666666667
S1_75B9678E,last_leaf_maple_valley,female,10,grade_4,52,-7.269602145714807,-7.981878878289828,3.33333333333333,10,30,50,66.66666666666666,40,68.66666666666667,72.33333333333333
S1_828C491B,ant_and_grasshopper,male,10,grade_4,55.5,-7.981878878289828,-7.981878878289828,33.33333333333333,25,33.33333333333333,20,33.33333333333333,55.00000000000001,59.33333333333334,56
S1_D9A97995,ant_and_grasshopper,male,14,grade_8,55,-7.981878878289828,-5.886103951450159,10,15,23.33333333333333,35,66.66666666666666,50,58.33333333333334,36.66666666666666
S1_3D0D43BD,ant_and_grasshopper,female,10,grade_4,55,0.3465735900161546,0.3465735900161546,21,20,12.33333333333333,70,66.66666666666666,10,72.66666666666667,75.33333333333333
S1_03768B8A,ant_and_grasshopper,female,10,grade_4,52,-7.981878878289828,-7.981878878289828,10,20,40,30,50,50,11.66666666666667,12.66666666666667
S1_982081F6,ant_and_grasshopper,male,14,grade_8,69.5,-3.470675603055177,-3.114494751207128,50,50,50,50,0,0,55.66666666666666,31.66666666666667
S1_163354E8,ant_and_grasshopper,female,10,grade_4,55.5,-4.490393709950342,-3.809592824009038,33.33333333333333,25,18.66666666666666,25,48,50,55.66666666666666,70
S1_CC1B0070,ant_and_grasshopper,male,11,grade_4,59,-7.981878878289828,-7.277516909858038,8.33333333333333,10,16.66666666666666,10,75,80,53.33333333333334,53.33333333333334
S1_15F08E35,last_leaf_maple_valley,male,13,grade_8,58,-3.129529941626674,-3.114494751207128,100,100,0,0,0,0,7.666666666666667,10
S1_03C26E77,last_leaf_maple_valley,female,11,grade_4,31,-7.981878878289828,-7.277516909858038,16.66666666666666,10,16.66666666666666,10,66.66666666666666,80,51.66666666666666,76.66666666666667
S1_2084781D,ant_and_grasshopper,male,15,grade_8,52,-3.129529941626674,-3.809592824009038,23.33333333333333,50,76.33333333333333,49,0.33333333333333,1,55.66666666666666,53
S1_5ED138B9,last_leaf_maple_valley,male,10,grade_4,44.5,-6.565166074925644,-5.196417130759268,33.33333333333333,20,50,50,16.66666666666666,30,8.333333333333334,8.333333333333334
S1_A5972384,last_leaf_maple_valley,male,10,grade_4,26,-3.470675603055177,-3.80899121414539,45.33333333333333,20,30,50,24.66666666666666,30,16.66666666666667,14.33333333333333
S1_D1E695B2,ant_and_grasshopper,female,9,grade_4,52,-7.981878878289828,-7.981878878289828,16.66666666666666,10,16.66666666666666,40,66.66666666666666,50,58.33333333333334,83.66666666666667
S1_D2708383,last_leaf_maple_valley,female,14,grade_8,55.5,-7.981878878289828,-5.196417130759268,20,15,13.33333333333333,28,66.66666666666666,56.99999999999999,31,54.33333333333334
S1_5A964D4C,ant_and_grasshopper,male,15,grade_8,19,-7.981878878289828,-7.981878878289828,16.66666666666666,20,16.66666666666666,30,66.66666666666666,50,68.33333333333333,67.33333333333333
S1_13E384A4,ant_and_grasshopper,male,14,grade_8,59,-6.565166074925644,-3.809592824009038,33.33333333333333,45,50,45,16.66666666666666,10,21.66666666666667,15.66666666666667
S1_BF82B027,ant_and_grasshopper,male,14,grade_8,69.5,-6.565166074925644,-5.196417130759268,16.66666666666666,30,33.33333333333333,40,50,30,11.33333333333333,55
S1_A62EBA23,last_leaf_maple_valley,female,14,grade_8,44.5,-5.203058278957988,-3.809592824009038,16.66666666666666,20,16.66666666666666,30,66.66666666666666,50,74.66666666666667,62
S1_E32D2F11,ant_and_grasshopper,female,15,grade_8,51,-6.565166074925644,-5.886103951450159,33.33333333333333,70,50,30,16.66666666666666,0,5.666666666666667,7.666666666666667
S1_D1B4C527,ant_and_grasshopper,female,14,grade_8,57,0.3465735900161546,0.3465735900161546,6.66666666666666,20,26.66666666666666,80,66.66666666666666,0,66.66666666666667,66.66666666666667
S1_A17C6DB9,last_leaf_maple_valley,female,,grade_4,52.45,-7.981878878289828,-7.981878878289828,8.33333333333333,100,20,0,71.66666666666667,0,70,63.33333333333334
S1_4A1C8E44,ant_and_grasshopper,male,11,grade_4,59,-7.981878878289828,-5.196417130759268,6.66666666666666,1,13.33333333333333,10,80,89,12.66666666666667,10.33333333333333
S1_40C56D68,last_leaf_maple_valley,male,9,grade_4,59.5,-7.981878878289828,-7.981878878289828,0,0,0,0,100,100,16.66666666666667,19.33333333333333
S1_29E4E2B0,last_leaf_maple_valley,female,10,grade_4,55,-6.565166074925644,-5.196417130759268,33.33333333333333,50,33.33333333333333,25,33.33333333333333,25,8,14
S1_4D5DFB91,ant_and_grasshopper,male,14,grade_8,54,-3.827753274985775,-4.503487716055282,32.66666666666666,50,40.66666666666666,30,26.66666666666666,20,60,80
S1_107C998D,last_leaf_maple_valley,male,10,grade_4,55,-4.505726922788623,-5.886103951450159,20,10,13.33333333333333,20,66.66666666666666,70,51.66666666666666,55
S1_B3CDA4DB,last_leaf_maple_valley,female,14,grade_8,57,-3.129529941626674,-1.739579462785862,33.33333333333333,60,50,30,16.66666666666666,10,11.33333333333333,22
S1_A87A29B3,last_leaf_maple_valley,female,13,grade_8,52,-5.192956770890214,-3.80899121414539,33.33333333333333,25,33.33333333333333,50,33.33333333333333,25,3.333333333333333,1.666666666666667
S1_488B4F2A,last_leaf_maple_valley,female,14,grade_8,58.5,-4.16800694751055,-3.114494751207128,33.33333333333333,50,33.33333333333333,40,33.33333333333333,10,15,38.66666666666666
S1_34FC2ECC,ant_and_grasshopper,male,14,grade_8,59,-4.16800694751055,-5.196417130759268,62.33333333333333,50,16.66666666666666,0,21,50,66.66666666666667,66.66666666666667
S1_9D361F69,ant_and_grasshopper,male,13,grade_8,48,-4.510355037782602,-3.809592824009038,33.33333333333333,50,33.33333333333333,20,33.33333333333333,30,50,50
S1_C5E2E56D,last_leaf_maple_valley,male,10,grade_4,59,-7.981878878289828,-7.981878878289828,33.33333333333333,30,33.33333333333333,30,33.33333333333333,40,51,55
S1_E7FD272F,ant_and_grasshopper,female,14,grade_8,60.5,-5.189860888331914,-4.503004919706848,10,0,66.66666666666666,50,23.33333333333333,50,40,43.66666666666666
S1_55B25DD6,last_leaf_maple_valley,female,10,grade_4,55.5,-7.981878878289828,-9.210340371976182,13.33333333333333,20,20,0,66.66666666666666,80,30,30
S1_BD7527AD,last_leaf_maple_valley,female,13,grade_8,59,-7.269602145714807,-4.503004919706848,66.66666666666666,60,20,30,13.33333333333333,10,6,6
S1_357FF28C,last_leaf_maple_valley,male,11,grade_4,62.5,-7.981878878289828,-7.981878878289828,0,0,0,0,100,100,7.333333333333333,50
S1_D1845090,ant_and_grasshopper,female,14,grade_8,45,-7.269602145714807,-4.503487716055282,16.66666666666666,0,33.33333333333333,30,50,70,44.66666666666666,32.33333333333334
S1_85BEBD15,ant_and_grasshopper,male,13,grade_8,37,-5.890288333444447,-7.981878878289828,10,0,40,0,50,100,100,50
S1_6B9D9AF6,ant_and_grasshopper,male,10,grade_4,52,-7.981878878289828,-7.277516909858038,6.66666666666666,20,26.66666666666666,30,66.66666666666666,50,4,2
S1_2065ED54,ant_and_grasshopper,female,11,grade_4,60.5,-7.981878878289828,-7.277516909858038,6.66666666666666,25,10,20,83.33333333333334,55.00000000000001,60.33333333333334,48.33333333333334
S1_A7634C91,last_leaf_maple_valley,female,14,grade_8,55.5,-6.565166074925644,-5.196417130759268,20,50,33.33333333333333,30,46.66666666666666,20,10.33333333333333,11
S1_D036EA67,last_leaf_maple_valley,male,14,grade_8,46.5,-7.269602145714807,-5.886103951450159,16.66666666666666,50,33.33333333333333,30,50,20,40,36
S1_E74EE1B9,last_leaf_maple_valley,female,10,grade_4,55,-5.890288333444447,-5.196417130759268,33.33333333333333,25,16.66666666666666,25,50,50,41.66666666666666,48.33333333333334
S1_C4E9BE77,ant_and_grasshopper,female,10,grade_4,59,-7.981878878289828,-1.732008995014391,6.66666666666666,20,33.33333333333333,70,60,10,78.33333333333333,74
S1_32BCEDD2,ant_and_grasshopper,male,10,grade_4,55.5,-7.981878878289828,-7.981878878289828,15,14,18.33333333333333,20,66.66666666666666,66,60,53.33333333333334
S1_6A5C17FA,last_leaf_maple_valley,female,14,grade_8,76.5,-3.470675603055177,-3.809592824009038,66.66666666666666,100,33.33333333333333,0,0,0,33.33333333333334,32.66666666666666
S1_C4100041,ant_and_grasshopper,female,15,grade_8,73.5,-7.981878878289828,-7.981878878289828,33.33333333333333,50,0,0,66.66666666666666,50,33.66666666666666,35.66666666666666
S1_C22E5C2F,ant_and_grasshopper,male,10,grade_4,52,-7.981878878289828,-9.210340371976182,33.33333333333333,50,50,40,16.66666666666666,10,60,10.33333333333333
S1_10A24979,last_leaf_maple_valley,male,14,grade_8,50,-7.998223818178014,0.3465735900161546,16.66666666666666,25,50,25,33.33333333333333,50,75.66666666666667,54.66666666666666
S1_D13D81CE,last_leaf_maple_valley,male,11,grade_4,55.5,-7.981878878289828,-7.981878878289828,33.33333333333333,50,33.33333333333333,20,33.33333333333333,30,11,11
S1_426D8058,last_leaf_maple_valley,male,14,grade_8,52,-1.031846591092756,-5.196417130759268,0,0,0,0,100,100,70.33333333333333,62.33333333333334
S1_C88D0351,ant_and_grasshopper,female,11,grade_4,71,-7.981878878289828,-6.581810403950024,16.66666666666666,4,33.33333333333333,36,50,60,60,46
S1_51971BB5,ant_and_grasshopper,male,10,grade_4,52,-5.890288333444447,-3.114494751207128,10,10,13.33333333333333,20,76.66666666666667,70,80.33333333333333,56
S1_AADB9EBC,ant_and_grasshopper,male,10,grade_4,68,-7.981878878289828,-7.981878878289828,23.33333333333333,20,10,60,66.66666666666666,20,79.33333333333333,67.33333333333333
S1_302FCAB8,ant_and_grasshopper,female,10,grade_4,59,-7.981878878289828,-7.981878878289828,20,20,20,30,60,50,58.33333333333334,40
S1_86E38FE6,last_leaf_maple_valley,male,11,grade_4,52,-7.981878878289828,-7.981878878289828,3.33333333333333,10,30,20,66.66666666666666,70,63.33333333333334,31.33333333333333
S1_7373709C,ant_and_grasshopper,female,14,grade_8,55,-4.164525145902877,-4.503487716055282,16.66666666666666,20,33.33333333333333,30,50,50,12.66666666666667,17.33333333333333
S1_04638B4D,ant_and_grasshopper,female,10,grade_4,52,-7.981878878289828,-7.981878878289828,0,0,0,0,100,100,63.33333333333334,41.66666666666666
S1_A1AC2CDE,ant_and_grasshopper,male,10,grade_4,26,-7.269602145714807,-7.277516909858038,34,78,33,8,33,14,100,100
S1_663EE09A,last_leaf_maple_valley,male,14,grade_8,52,-7.269602145714807,-5.196417130759268,23.33333333333333,40,26.66666666666666,40,50,20,92.33333333333331,74
S1_4E3EB144,last_leaf_maple_valley,female,13,grade_8,44,-6.565166074925644,0.3465735900161546,16.66666666666666,50,33.33333333333333,30,50,20,61.66666666666666,73.33333333333333
S1_7642F9FC,last_leaf_maple_valley,female,14,grade_8,64.5,-7.981878878289828,-6.575336962689026,16.66666666666666,15,33.33333333333333,25,50,60,48.33333333333334,72.33333333333333
S1_0E25F26C,last_leaf_maple_valley,male,14,grade_8,46.5,-4.850567398429279,-1.034981397739749,16.66666666666666,30,33.33333333333333,40,50,30,57.33333333333334,54.33333333333334
S1_81A9043C,last_leaf_maple_valley,male,14,grade_8,66,-4.505726922788623,-3.114494751207128,0,100,50,0,50,0,60,47.33333333333334
S1_B8771EC6,ant_and_grasshopper,male,10,grade_4,73,-3.479252149098894,-5.196417130759268,50,40,16.66666666666666,50,33.33333333333333,10,49.66666666666666,37
S1_B98E2FAF,last_leaf_maple_valley,female,10,grade_4,52,-7.981878878289828,-7.981878878289828,16.66666666666666,20,33.33333333333333,30,50,50,51.66666666666666,23.66666666666667
S1_D44313C1,last_leaf_maple_valley,female,14,grade_8,42.09999999999999,-9.210340371976182,-7.277516909858038,50,30,16.66666666666666,20,33.33333333333333,50,39.33333333333334,33.33333333333334
S1_66AAEFF2,last_leaf_maple_valley,male,10,grade_4,45,-7.981878878289828,-7.277516909858038,16.66666666666666,20,16.66666666666666,20,66.66666666666666,60,65,40.33333333333334
S1_1DF655DD,last_leaf_maple_valley,male,14,grade_8,52,-5.890288333444447,-5.886103951450159,6.66666666666666,10,33.33333333333333,30,60,60,40,66.66666666666667
S1_E447910D,last_leaf_maple_valley,female,10,grade_4,73,-5.890288333444447,0.3465735900161546,16.66666666666666,90,16.66666666666666,5,66.66666666666666,5,6,6
S1_1D6A90F1,last_leaf_maple_valley,male,10,grade_4,52,-2.081668715992326,-7.981878878289828,40,5,40,50,20,45,7.666666666666667,8
S1_861B69CF,last_leaf_maple_valley,female,,grade_8,52.45,-7.981878878289828,-5.196417130759268,33.33333333333333,50,33.33333333333333,20,33.33333333333333,30,73.33333333333333,20
S1_0576C734,ant_and_grasshopper,male,11,grade_4,40,-6.917383481724136,-5.196417130759268,16.66666666666666,10,33.33333333333333,20,50,70,73.33333333333333,55
S1_836C0106,ant_and_grasshopper,female,14,grade_8,32.5,-6.565166074925644,-7.277516909858038,50,40,16.66666666666666,20,33.33333333333333,40,46.66666666666666,40
S1_5CC9063F,last_leaf_maple_valley,female,10,grade_4,41,-7.981878878289828,-7.981878878289828,26.66666666666666,20,40,20,33.33333333333333,60,25.66666666666667,28.33333333333333
S1_937AAB65,ant_and_grasshopper,female,14,grade_8,48,0.3465735900161546,-7.981878878289828,40,40,40,20,20,40,51.66666666666666,53.33333333333334
S1_B0DAEF38,last_leaf_maple_valley,male,,grade_8,52.45,-7.981878878289828,-7.981878878289828,0,0,0,0,100,100,88.66666666666667,37.66666666666666
S1_FD3A8B69,ant_and_grasshopper,male,10,grade_4,52,-7.269602145714807,-7.981878878289828,3.33333333333333,0,6.66666666666666,20,90,80,100,31
S1_7F8E350E,last_leaf_maple_valley,female,14,grade_8,43,-6.565166074925644,-7.981878878289828,33.33333333333333,50,33.33333333333333,30,33.33333333333333,20,60,48.33333333333334
S1_191455AF,ant_and_grasshopper,female,14,grade_8,46.5,-7.981878878289828,-7.277516909858038,50,60,33.33333333333333,40,16.66666666666666,0,73.33333333333333,76
S1_21FF4FAC,last_leaf_maple_valley,female,10,grade_4,62,-7.981878878289828,-7.981878878289828,16.66666666666666,50,16.66666666666666,0,66.66666666666666,50,77,62.66666666666666
S1_39D7DF0D,ant_and_grasshopper,female,14,grade_8,59,-7.981878878289828,-7.981878878289828,16.66666666666666,40,16.66666666666666,10,66.66666666666666,50,25.33333333333333,54
S1_FD7CDF6C,ant_and_grasshopper,male,14,grade_8,52,-6.565166074925644,-6.575336962689026,33.33333333333333,49,33.33333333333333,41,33.33333333333333,10,54,52.33333333333334
S1_AE7F3ED7,ant_and_grasshopper,female,15,grade_8,47.5,-4.867474092277174,-3.114494751207128,33.33333333333333,50,0,0,66.66666666666666,50,6.333333333333333,7
S1_8E1CD4DC,ant_and_grasshopper,female,14,grade_8,55.5,-6.579945452939578,-6.575336962689026,33.33333333333333,50,16.66666666666666,0,50,50,72.66666666666667,37.33333333333334
S1_03EFF20D,ant_and_grasshopper,female,14,grade_8,62.5,-6.565166074925644,-6.581810403950024,23.33333333333333,30,43.33333333333333,30,33.33333333333333,40,69.33333333333333,68.33333333333333
S1_F182C106,last_leaf_maple_valley,male,14,grade_8,55,-5.907494423377738,-3.809592824009038,16.66666666666666,30,16.66666666666666,20,66.66666666666666,50,50,49.33333333333334
S1_B013570F,ant_and_grasshopper,female,9,grade_4,48,-7.981878878289828,-7.981878878289828,16.33333333333333,14,66.66666666666666,50,17,36,14.66666666666667,26.66666666666667
S1_0D134A1B,ant_and_grasshopper,male,10,grade_4,52,-7.981878878289828,-5.196417130759268,16.66666666666666,10,16.66666666666666,10,66.66666666666666,80,61.66666666666666,61.66666666666666
S1_680717E4,last_leaf_maple_valley,male,13,grade_8,53.5,-3.129529941626674,-3.80899121414539,33.33333333333333,100,66.66666666666666,0,0,0,69.33333333333333,68.33333333333333
S1_443093E2,ant_and_grasshopper,male,14,grade_8,22,-5.890288333444447,-7.277516909858038,20,20,6.66666666666666,60,73.33333333333333,20,6.666666666666667,8.666666666666666
S1_D9F4B4D6,last_leaf_maple_valley,female,10,grade_4,59,-7.981878878289828,-7.981878878289828,3.33333333333333,5,30,15,66.66666666666666,80,76.33333333333333,59
S1_0E445601,ant_and_grasshopper,male,10,grade_4,48,-9.210340371976182,-7.277516909858038,33.33333333333333,40,33.33333333333333,30,33.33333333333333,30,6,6.333333333333333
S1_B1AD6362,last_leaf_maple_valley,male,10,grade_4,48.5,-7.981878878289828,-7.981878878289828,33.33333333333333,20,16.66666666666666,40,50,40,56.66666666666666,18
S1_3D9AB708,last_leaf_maple_valley,male,14,grade_8,57,-6.565166074925644,-5.196417130759268,33.33333333333333,50,66.66666666666666,50,0,0,5.666666666666667,5.333333333333333
S1_4C966472,last_leaf_maple_valley,female,10,grade_4,77,-9.210340371976182,-5.196417130759268,8.33333333333333,20,33.33333333333333,30,58.33333333333334,50,55,66.66666666666667
S1_31FB5107,last_leaf_maple_valley,female,,grade_8,52.45,-7.981878878289828,-7.277516909858038,16.66666666666666,15,33.33333333333333,40,50,45,35.33333333333334,35.66666666666666
S1_48E31F66,ant_and_grasshopper,female,10,grade_4,60,-3.107598080589367,-0.6931471805599453,16.66666666666666,10,33.33333333333333,50,50,40,37.66666666666666,30.33333333333333
S1_FB1B6E04,ant_and_grasshopper,female,14,grade_8,66,-6.565166074925644,-5.196417130759268,16.66666666666666,20,16.66666666666666,30,66.66666666666666,50,0,26.66666666666667
S1_2FD2CE26,ant_and_grasshopper,male,10,grade_4,55.5,-7.981878878289828,-7.981878878289828,26.66666666666666,10,26.66666666666666,20,46.66666666666666,70,45,78
S1_563772BB,ant_and_grasshopper,male,14,grade_8,38,-4.510355037782602,-4.503004919706848,66.66666666666666,50,16.66666666666666,20,16.66666666666666,30,58.33333333333334,53
S1_EBEC01EA,last_leaf_maple_valley,female,15,grade_8,44,-5.890288333444447,-5.196417130759268,33.33333333333333,40,33.33333333333333,30,33.33333333333333,30,53.33333333333334,50
S1_34013080,ant_and_grasshopper,male,11,grade_4,71,-3.825825722222956,0.3465735900161546,6.66666666666666,15,26.66666666666666,25,66.66666666666666,60,50,50
S1_FEC83517,last_leaf_maple_valley,male,10,grade_4,52,-7.269602145714807,-7.981878878289828,16.66666666666666,25,33.33333333333333,50,50,25,6.666666666666667,7
S1_3BE91B55,last_leaf_maple_valley,male,14,grade_8,76.5,-1.73976461129377,-3.809592824009038,3.33333333333333,10,66.66666666666666,85,30,5,48,47.66666666666666
S1_61B12C50,last_leaf_maple_valley,female,15,grade_8,58,-7.981878878289828,-3.809592824009038,50,60,26.66666666666666,15,23.33333333333333,25,58.33333333333334,55
S1_56A7627F,last_leaf_maple_valley,male,11,grade_4,55.5,-7.981878878289828,-7.981878878289828,18.33333333333333,50,22,0,59.66666666666667,50,38.66666666666666,45.33333333333334
S1_075A015C,ant_and_grasshopper,female,10,grade_4,52,-7.981878878289828,-7.981878878289828,8.33333333333333,25,8.33333333333333,30,83.33333333333334,45,48.33333333333334,50
S1_4894983F,last_leaf_maple_valley,male,10,grade_4,52,-7.981878878289828,-7.981878878289828,16.66666666666666,20,20,50,63.33333333333333,30,80,63.33333333333334
S1_2D48FDFB,last_leaf_maple_valley,male,14,grade_8,11,-6.565166074925644,-5.196417130759268,33.33333333333333,18,16.66666666666666,25,50,56.99999999999999,63.33333333333334,49.66666666666666
S1_951BEA24,last_leaf_maple_valley,male,14,grade_8,54.09999999999999,-3.129529941626674,-4.503487716055282,66.66666666666666,70,33.33333333333333,30,0,0,28.66666666666667,49.33333333333334
S1_1E9ABDE3,last_leaf_maple_valley,female,14,grade_8,59,-1.722144763120333,-3.809592824009038,20,40,46.66666666666666,30,33.33333333333333,30,53.33333333333334,57.33333333333334
S1_EDDE377D,ant_and_grasshopper,female,14,grade_8,39,-5.192956770890214,-3.809592824009038,16.66666666666666,20,33.33333333333333,30,50,50,58.66666666666666,70
S1_F71AE083,last_leaf_maple_valley,male,14,grade_8,69.5,-5.525445094162555,-5.886103951450159,16.66666666666666,25,33.33333333333333,25,50,50,73.66666666666667,74.66666666666667
